,PLAYER,TYPE,ACTION,OPP,STATUS,PROJ,C/A,YDS,TD,INT,CAR,YDS,TD,REC,YDS,TD,TAR,2PC,FUML,TD,FPTS,week
0,Amari Cooper,Dal,WR,TB,L 29-31,15.0,0/0,0,0,0,0,0,0,13,139,2,16,0,0,0,38.9,1
1,Tyreek Hill,KC,WR,Cle,W 33-29,18.2,0/0,0,0,0,1,4,0,11,197,1,15,0,0,0,37.1,1
2,Kyler Murray,Ari,QB,Ten,W 38-13,22.2,21/32,289,4,1,5,20,1,0,0,0,0,0,0,0,33.56,1
3,Patrick Mahomes,KC,QB,Cle,W 33-29,22.2,27/36,337,3,0,5,18,1,0,0,0,0,0,0,0,33.28,1
4,Deebo Samuel,SF,WR,Det,W 41-33,12.6,0/0,0,0,0,0,0,0,9,189,1,12,0,1,0,31.9,1
5,Adam Thielen,Min,WR,Cin,L 24-27,14.4,0/0,0,0,0,0,0,0,9,92,2,10,0,0,0,30.2,1
6,Jameis Winston,NO,QB,GB,W 38-3,14.9,14/20,148,5,0,6,37,0,0,0,0,0,0,0,0,29.62,1
7,Rob Gronkowski,TB,TE,Dal,W 31-29,7.7,0/0,0,0,0,0,0,0,8,90,2,8,0,0,0,29.0,1
8,Jared Goff,Det,QB,SF,L 33-41,15.4,38/57,338,3,1,3,14,0,0,0,0,0,0,0,0,28.92,1
9,Jalen Hurts,Phi,QB,Atl,W 32-6,19.6,27/35,264,3,0,7,62,0,0,0,0,0,0,0,0,28.76,1
10,Christian McCaffrey,Car,RB,NYJ,W 19-14,21.3,0/0,0,0,0,21,98,0,9,89,0,9,0,0,0,27.7,1
11,Dak Prescott,Dal,QB,TB,L 29-31,20.8,42/58,403,3,1,4,13,0,0,0,0,0,0,0,0,27.42,1
12,Tom Brady,TB,QB,Dal,W 31-29,21.5,32/50,379,4,2,0,0,0,0,0,0,0,0,0,0,27.16,1
13,Russell Wilson,Sea,QB,Ind,W 28-16,19.1,18/23,254,4,0,5,9,0,0,0,0,0,0,0,0,27.06,1
14,Corey Davis,NYJ,WR,Car,L 14-19,12.2,0/0,0,0,0,0,0,0,5,97,2,7,0,0,0,26.7,1
15,Darren Waller,LV,TE,Bal,W 33-27,14.2,0/0,0,0,0,0,0,0,10,105,1,19,0,0,0,26.5,1
16,DeAndre Hopkins,Ari,WR,Ten,W 38-13,17.8,0/0,0,0,0,0,0,0,6,83,2,8,0,0,0,26.3,1
17,Tyler Lockett,Sea,WR,Ind,W 28-16,14.3,0/0,0,0,0,0,0,0,4,100,2,5,0,0,0,26.0,1
18,T.J. Hockenson,Det,TE,SF,L 33-41,11.6,0/0,0,0,0,0,0,0,8,97,1,10,0,0,0,25.7,1
19,Travis Kelce,KC,TE,Cle,W 33-29,18.1,0/0,0,0,0,0,0,0,6,76,2,7,0,0,0,25.6,1
20,Joe Mixon,Cin,RB,Min,W 27-24,14.6,0/0,0,0,0,29,127,1,4,23,0,4,0,0,0,25.0,1
21,Jamaal Williams,Det,RB,SF,L 33-41,8.8,0/0,0,0,0,9,54,1,8,56,0,9,0,0,0,25.0,1
22,D'Andre Swift,Det,RB,SF,L 33-41,13.5,0/0,0,0,0,11,39,0,8,65,1,11,0,0,0,24.4,1
23,Matthew Stafford,LAR,QB,Chi,W 34-14,16.9,20/26,321,3,0,5,-5,0,0,0,0,0,0,0,0,24.34,1
24,Sterling Shepard,NYG,WR,Den,L 13-27,10.3,0/0,0,0,0,0,0,0,7,113,1,9,0,0,0,24.3,1
25,Derek Carr,LV,QB,Bal,W 33-27,15.6,34/56,435,2,1,4,6,0,0,0,0,0,0,0,0,24.0,1
26,Christian Kirk,Ari,WR,Ten,W 38-13,7.6,0/0,0,0,0,0,0,0,5,70,2,5,0,0,0,24.0,1
27,Cooper Kupp,LAR,WR,Chi,W 34-14,13.4,0/0,0,0,0,0,0,0,7,108,1,10,0,0,0,23.8,1
28,Antonio Brown,TB,WR,Dal,W 31-29,11.5,0/0,0,0,0,1,6,0,5,121,1,7,0,0,0,23.7,1
29,Tyrod Taylor,Hou,QB,Jax,W 37-21,16.9,21/33,291,2,0,4,40,0,0,0,0,0,0,0,0,23.64,1
30,Chris Godwin,TB,WR,Dal,W 31-29,13.8,0/0,0,0,0,0,0,0,9,105,1,14,0,1,0,23.5,1
31,CeeDee Lamb,Dal,WR,TB,L 29-31,14.9,0/0,0,0,0,0,0,0,7,104,1,15,0,0,0,23.4,1
32,Mike Williams,LAC,WR,Wsh,W 20-16,10.9,0/0,0,0,0,0,0,0,8,82,1,12,0,0,0,22.2,1
33,Nick Chubb,Cle,RB,KC,L 29-33,15.3,0/0,0,0,0,15,83,2,2,18,0,2,0,1,0,22.1,1
34,Kirk Cousins,Min,QB,Cin,L 24-27,16.4,36/49,351,2,0,0,0,0,0,0,0,0,0,0,0,22.04,1
35,Daniel Jones,NYG,QB,Den,L 13-27,14.8,22/37,267,1,0,6,27,1,0,0,0,0,0,1,0,21.38,1
36,Ja'Marr Chase,Cin,WR,Min,W 27-24,10.4,0/0,0,0,0,1,-2,0,5,101,1,7,0,0,0,20.9,1
37,Melvin Gordon III,Den,RB,NYG,W 27-13,9.4,0/0,0,0,0,11,101,1,3,17,0,3,0,0,0,20.8,1
38,Teddy Bridgewater,Den,QB,NYG,W 27-13,15.4,28/36,264,2,0,3,19,0,0,0,0,0,0,0,0,20.46,1
39,Dalvin Cook,Min,RB,Cin,L 24-27,20.6,0/0,0,0,0,20,61,1,6,43,0,7,0,1,0,20.4,1
40,Zach Pascal,Ind,WR,Sea,L 16-28,8.6,0/0,0,0,0,0,0,0,4,43,2,5,0,0,0,20.3,1
41,Marquise Brown,Bal,WR,LV,L 27-33,12.1,0/0,0,0,0,1,5,0,6,69,1,6,0,0,0,19.4,1
42,Jarvis Landry,Cle,WR,KC,L 29-33,13.7,0/0,0,0,0,2,13,1,5,71,0,5,0,0,0,19.4,1
43,DeVonta Smith,Phi,WR,Atl,W 32-6,12.0,0/0,0,0,0,0,0,0,6,71,1,8,0,0,0,19.1,1
44,Trevor Lawrence,Jax,QB,Hou,L 21-37,17.8,28/51,332,3,3,1,-2,0,0,0,0,0,0,0,0,19.08,1
45,Sam Darnold,Car,QB,NYJ,W 19-14,15.7,24/35,279,1,0,5,-1,1,0,0,0,0,0,1,0,19.06,1
46,Keenan Allen,LAC,WR,Wsh,W 20-16,14.8,0/0,0,0,0,0,0,0,9,100,0,13,0,0,0,19.0,1
47,David Montgomery,Chi,RB,LAR,L 14-34,15.0,0/0,0,0,0,16,108,1,1,10,0,1,0,0,0,18.8,1
48,Marvin Jones Jr.,Jax,WR,Hou,L 21-37,11.7,0/0,0,0,0,0,0,0,5,77,1,9,0,0,0,18.7,1
49,Joe Burrow,Cin,QB,Min,W 27-24,16.4,20/27,261,2,0,1,2,0,0,0,0,0,0,0,0,18.64,1
50,Amari Cooper,Dal,WR,TB,L 29-31,15.0,0/0,0,0,0,9,65,1,3,29,0,4,0,0,0,18.4,1
51,Tyreek Hill,KC,WR,Cle,W 33-29,18.2,25/38,251,2,0,4,23,0,0,0,0,0,0,1,0,18.34,1
52,Kyler Murray,Ari,QB,Ten,W 38-13,22.2,20/37,258,2,1,0,0,0,0,0,0,0,0,0,0,18.32,1
53,Patrick Mahomes,KC,QB,Cle,W 33-29,22.2,0/0,0,0,0,0,0,0,5,132,0,7,0,0,0,18.2,1
54,Deebo Samuel,SF,WR,Det,W 41-33,12.6,0/0,0,0,0,0,0,0,5,72,1,7,0,0,0,18.2,1
55,Adam Thielen,Min,WR,Cin,L 24-27,14.4,0/0,0,0,0,20,83,0,3,8,1,4,0,0,0,18.1,1
56,Jameis Winston,NO,QB,GB,W 38-3,14.9,19/30,235,1,0,12,86,0,0,0,0,0,0,2,0,18.0,1
57,Rob Gronkowski,TB,TE,Dal,W 31-29,7.7,0/0,0,0,0,17,56,0,6,60,0,7,0,0,0,17.6,1
58,Jared Goff,Det,QB,SF,L 33-41,15.4,0/0,0,0,0,0,0,0,3,86,1,12,0,0,0,17.6,1
59,Jalen Hurts,Phi,QB,Atl,W 32-6,19.6,0/0,0,0,0,15,74,0,4,39,0,5,0,0,0,17.3,1
60,Christian McCaffrey,Car,RB,NYJ,W 19-14,21.3,30/51,270,1,0,9,44,0,0,0,0,0,0,1,0,17.2,1
61,Dak Prescott,Dal,QB,TB,L 29-31,20.8,0/0,0,0,0,6,33,1,3,28,0,3,0,0,0,17.1,1
62,Tom Brady,TB,QB,Dal,W 31-29,21.5,0/0,0,0,0,0,0,0,3,21,2,3,0,0,0,17.1,1
63,Russell Wilson,Sea,QB,Ind,W 28-16,19.1,0/0,0,0,0,10,34,2,1,6,0,2,0,0,0,17.0,1
64,Corey Davis,NYJ,WR,Car,L 14-19,12.2,0/0,0,0,0,0,0,0,0,0,0,0,0,0,0,17.0,1
65,Darren Waller,LV,TE,Bal,W 33-27,14.2,0/0,0,0,0,0,0,0,6,49,1,6,0,0,0,16.9,1
66,DeAndre Hopkins,Ari,WR,Ten,W 38-13,17.8,0/0,0,0,0,19,104,1,0,0,0,0,0,0,0,16.4,1
67,Tua Tagovailoa,Mia,QB,NE,W 17-16,16.4,16/27,202,1,1,4,1,1,0,0,0,0,0,0,0,16.18,1
68,Jaylen Waddle,Mia,WR,NE,W 17-16,10.6,0/0,0,0,0,0,0,0,4,61,1,6,0,0,0,16.1,1
69,DK Metcalf,Sea,WR,Ind,W 28-16,16.4,0/0,0,0,0,0,0,0,4,60,1,5,0,0,0,16.0,1
70,Van Jefferson,LAR,WR,Chi,W 34-14,5.9,0/0,0,0,0,0,0,0,2,80,1,3,0,0,0,16.0,1
71,Stefon Diggs,Buf,WR,Pit,L 16-23,17.1,0/0,0,0,0,0,0,0,9,69,0,13,0,0,0,15.9,1
72,Tee Higgins,Cin,WR,Min,W 27-24,12.6,0/0,0,0,0,0,0,0,4,58,1,5,0,0,0,15.8,1
73,Darrell Henderson Jr.,LAR,RB,Chi,W 34-14,13.0,0/0,0,0,0,16,70,1,1,17,0,1,0,0,0,15.7,1
74,DJ Moore,Car,WR,NYJ,W 19-14,13.4,0/0,0,0,0,1,14,0,6,80,0,8,0,0,0,15.4,1
75,Mac Jones,NE,QB,Mia,L 16-17,15.1,29/39,281,1,0,0,0,0,0,0,0,0,0,0,0,15.24,1
76,Deonte Harris,NO,WR,GB,W 38-3,6.9,0/0,0,0,0,0,0,0,2,72,1,2,0,0,0,15.2,1
77,A.J. Brown,Ten,WR,Ari,L 13-38,16.4,0/0,0,0,0,0,0,0,4,49,1,8,0,0,0,14.9,1
78,Jimmy Garoppolo,SF,QB,Det,W 41-33,14.7,17/25,314,1,0,3,2,0,0,0,0,0,0,1,0,14.76,1
79,Chase Edmonds,Ari,RB,Ten,W 38-13,12.8,0/0,0,0,0,12,63,0,4,43,0,4,0,0,0,14.6,1
80,K.J. Osborn,Min,WR,Cin,L 24-27,1.1,0/0,0,0,0,0,0,0,7,76,0,9,0,0,0,14.6,1
81,Diontae Johnson,Pit,WR,Buf,W 23-16,13.4,0/0,0,0,0,0,0,0,5,36,1,10,0,0,0,14.6,1
82,Mark Ingram II,Hou,RB,Jax,W 37-21,5.5,0/0,0,0,0,26,85,1,0,0,0,1,0,0,0,14.5,1
83,Danny Amendola,Hou,WR,Jax,W 37-21,6.5,0/0,0,0,0,0,0,0,5,34,1,5,0,0,0,14.4,1
84,Nyheim Hines,Ind,RB,Sea,L 16-28,9.5,0/0,0,0,0,9,34,0,6,48,0,8,0,0,0,14.2,1
85,Dallas Goedert,Phi,TE,Atl,W 32-6,9.6,0/0,0,0,0,0,0,0,4,42,1,5,0,0,0,14.2,1
86,Ryan Tannehill,Ten,QB,Ari,L 13-38,18.3,21/35,212,1,1,2,17,1,0,0,0,0,0,2,0,14.18,1
87,Cole Beasley,Buf,WR,Pit,L 16-23,9.7,0/0,0,0,0,0,0,0,8,60,0,13,0,0,0,14.0,1
88,Saints D/ST,NO,D/ST,GB,W 38-3,3.9,0/0,0,0,0,0,0,0,0,0,0,0,0,0,0,14.0,1
89,Joey Slye,SF,K,Det,W 41-33,7.7,0/0,0,0,0,0,0,0,0,0,0,0,0,0,0,14.0,1
90,Tim Patrick,Den,WR,NYG,W 27-13,4.6,0/0,0,0,0,0,0,0,4,39,1,4,0,0,0,13.9,1
91,Sammy Watkins,Bal,WR,LV,L 27-33,9.7,0/0,0,0,0,0,0,0,4,96,0,8,0,0,0,13.6,1
92,Justin Herbert,LAC,QB,Wsh,W 20-16,17.8,31/47,337,1,1,4,-1,0,0,0,0,0,0,1,0,13.38,1
93,Jerry Jeudy,Den,WR,NYG,W 27-13,12.4,0/0,0,0,0,0,0,0,6,72,0,7,0,0,0,13.2,1
94,Steelers D/ST,Pit,D/ST,Buf,W 23-16,5.1,0/0,0,0,0,0,0,0,0,0,0,0,0,0,1,13.0,1
95,Hunter Renfrow,LV,WR,Bal,W 33-27,7.1,0/0,0,0,0,0,0,0,6,70,0,9,0,0,0,13.0,1
96,Robbie Gould,SF,K,Det,W 41-33,7.4,0/0,0,0,0,0,0,0,0,0,0,0,0,0,0,13.0,1
97,Laviska Shenault Jr.,Jax,WR,Hou,L 21-37,12.0,0/0,0,0,0,1,9,0,7,50,0,9,0,0,0,12.9,1
98,Chris Carson,Sea,RB,Ind,W 28-16,12.8,0/0,0,0,0,16,91,0,3,26,0,3,0,1,0,12.7,1
99,Robby Anderson,Car,WR,NYJ,W 19-14,12.9,0/0,0,0,0,0,0,0,1,57,1,3,0,0,0,12.7,1
100,Derrick Henry,Ten,RB,Sea,W 33-30,18.5,0/0,0,0,0,35,182,3,6,55,0,6,0,0,0,47.7,2
101,Aaron Jones,GB,RB,Det,W 35-17,17.0,0/0,0,0,0,17,67,1,6,48,3,6,0,0,0,41.5,2
102,Cooper Kupp,LAR,WR,Ind,W 27-24,14.8,0/0,0,0,0,1,-5,0,9,163,2,11,0,0,0,36.8,2
103,Kyler Murray,Ari,QB,Min,W 34-33,21.5,29/36,400,3,2,5,31,1,0,0,0,0,0,0,0,33.1,2
104,Lamar Jackson,Bal,QB,KC,W 36-35,21.8,18/26,239,1,2,16,107,2,0,0,0,0,0,0,0,32.26,2
105,Tyler Lockett,Sea,WR,Ten,L 30-33,15.4,0/0,0,0,0,0,0,0,8,178,1,11,0,0,0,31.8,2
106,Tom Brady,TB,QB,Atl,W 48-25,21.1,24/36,276,5,0,1,6,0,0,0,0,0,0,1,0,29.64,2
107,Daniel Jones,NYG,QB,Wsh,L 29-30,15.7,22/32,249,1,0,9,95,1,0,0,0,0,0,0,0,29.46,2
108,Terry McLaurin,Wsh,WR,NYG,W 30-29,14.7,0/0,0,0,0,0,0,0,11,107,1,14,0,0,0,27.7,2
109,Aaron Rodgers,GB,QB,Det,W 35-17,20.5,22/27,255,4,0,4,6,0,0,0,0,0,0,0,0,26.8,2
110,Kirk Cousins,Min,QB,Ari,L 33-34,16.0,22/32,244,3,0,2,35,0,0,0,0,0,0,0,0,25.26,2
111,Courtland Sutton,Den,WR,Jax,W 23-13,13.4,0/0,0,0,0,0,0,0,9,159,0,12,0,0,0,24.9,2
112,Christian McCaffrey,Car,RB,NO,W 26-7,21.3,0/0,0,0,0,24,72,1,5,65,0,6,0,0,0,24.7,2
113,Mike Evans,TB,WR,Atl,W 48-25,13.7,0/0,0,0,0,0,0,0,5,75,2,9,0,0,0,24.5,2
114,Rondale Moore,Ari,WR,Min,W 34-33,5.2,0/0,0,0,0,0,0,0,7,114,1,8,0,0,0,24.4,2
115,Derek Carr,LV,QB,Pit,W 26-17,16.0,28/37,382,2,0,4,9,0,0,0,0,0,0,0,0,24.18,2
116,Patrick Mahomes,KC,QB,Bal,L 35-36,23.9,24/31,343,3,1,1,3,0,0,0,0,0,0,0,0,24.02,2
117,Travis Kelce,KC,TE,Bal,L 35-36,20.2,0/0,0,0,0,0,0,0,7,109,1,8,0,0,0,23.9,2
118,Cordarrelle Patterson,Atl,RB,TB,L 25-48,7.2,0/0,0,0,0,7,11,1,5,58,1,7,0,0,0,23.9,2
119,Russell Wilson,Sea,QB,Ten,L 30-33,21.3,22/31,343,2,0,3,16,0,0,0,0,0,0,0,0,23.32,2
120,Marquise Brown,Bal,WR,KC,W 36-35,11.7,0/0,0,0,0,0,0,0,6,113,1,10,0,0,0,23.3,2
121,Tony Pollard,Dal,RB,LAC,W 20-17,7.0,0/0,0,0,0,13,109,1,3,31,0,3,0,0,0,23.0,2
122,Brandin Cooks,Hou,WR,Cle,L 21-31,13.7,0/0,0,0,0,0,0,0,9,78,1,14,0,0,0,22.8,2
123,Austin Ekeler,LAC,RB,Dal,L 17-20,17.4,0/0,0,0,0,9,54,0,9,61,0,9,0,0,0,22.5,2
124,Henry Ruggs III,LV,WR,Pit,W 26-17,9.4,0/0,0,0,0,1,2,0,5,113,1,7,0,0,0,22.5,2
125,Mike Williams,LAC,WR,Dal,L 17-20,13.1,0/0,0,0,0,0,0,0,7,91,1,10,0,0,0,22.1,2
126,Graham Gano,NYG,K,Wsh,L 29-30,7.2,0/0,0,0,0,0,0,0,0,0,0,0,0,0,0,22.0,2
127,Bears D/ST,Chi,D/ST,Cin,W 20-17,6.2,0/0,0,0,0,0,0,0,0,0,0,0,0,0,1,22.0,2
128,DJ Moore,Car,WR,NO,W 26-7,13.0,0/0,0,0,0,0,0,0,8,79,1,11,0,0,0,21.9,2
129,Jalen Hurts,Phi,QB,SF,L 11-17,18.9,12/23,190,0,0,10,82,1,0,0,0,1,0,0,0,21.8,2
130,Teddy Bridgewater,Den,QB,Jax,W 23-13,17.8,26/34,328,2,0,4,1,0,0,0,0,0,0,0,0,21.22,2
131,Freddie Swain,Sea,WR,Ten,L 30-33,5.9,0/0,0,0,0,1,5,0,5,95,1,5,0,0,0,21.0,2
132,T.J. Hockenson,Det,TE,GB,L 17-35,11.6,0/0,0,0,0,0,0,0,8,66,1,9,0,0,0,20.6,2
133,Michael Pittman Jr.,Ind,WR,LAR,L 24-27,10.7,0/0,0,0,0,0,0,0,8,123,0,12,0,0,0,20.3,2
134,J.D. McKissic,Wsh,RB,NYG,W 30-29,7.7,0/0,0,0,0,4,10,1,5,83,0,6,0,0,0,20.3,2
135,Davante Adams,GB,WR,Det,W 35-17,17.9,0/0,0,0,0,0,0,0,8,121,0,9,0,0,0,20.1,2
136,K.J. Osborn,Min,WR,Ari,L 33-34,6.9,0/0,0,0,0,0,0,0,5,91,1,6,0,0,0,20.1,2
137,Taylor Heinicke,Wsh,QB,NYG,W 30-29,14.9,34/46,336,2,1,4,6,0,0,0,0,0,0,0,0,20.04,2
138,Rob Gronkowski,TB,TE,Atl,W 48-25,9.8,0/0,0,0,0,0,0,0,4,39,2,5,0,0,0,19.9,2
139,Jimmy Garoppolo,SF,QB,Phi,W 17-11,13.8,22/30,189,1,0,11,20,1,0,0,0,0,0,0,0,19.56,2
140,Diontae Johnson,Pit,WR,LV,L 17-26,14.1,0/0,0,0,0,0,0,0,9,105,0,12,0,0,0,19.5,2
141,Calvin Ridley,Atl,WR,TB,L 25-48,18.0,0/0,0,0,0,0,0,0,7,63,1,10,0,0,0,19.3,2
142,Najee Harris,Pit,RB,LV,L 17-26,18.6,0/0,0,0,0,10,38,0,5,43,1,5,0,0,0,19.1,2
143,Buccaneers D/ST,TB,D/ST,Atl,W 48-25,7.0,0/0,0,0,0,0,0,0,0,0,0,0,0,0,2,19.0,2
144,Bills D/ST,Buf,D/ST,Mia,W 35-0,7.1,0/0,0,0,0,0,0,0,0,0,0,0,0,0,0,19.0,2
145,Sam Darnold,Car,QB,NO,W 26-7,13.6,26/38,305,2,1,1,7,0,0,0,0,0,0,0,0,18.9,2
146,Julio Jones,Ten,WR,Sea,W 33-30,13.1,0/0,0,0,0,0,0,0,6,128,0,8,0,0,0,18.8,2
147,Justin Jefferson,Min,WR,Ari,L 33-34,15.4,0/0,0,0,0,0,0,0,6,65,1,10,0,0,0,18.5,2
148,James White,NE,RB,NYJ,W 25-6,10.3,0/0,0,0,0,5,20,1,6,45,0,6,0,0,0,18.5,2
149,Jared Goff,Det,QB,GB,L 17-35,15.1,26/36,246,2,1,4,46,0,0,0,0,0,0,1,0,18.44,2
150,Derrick Henry,Ten,RB,Sea,W 33-30,18.5,0/0,0,0,0,16,71,1,2,26,0,2,0,0,0,17.7,2
151,Aaron Jones,GB,RB,Det,W 35-17,17.0,20/31,247,1,1,5,37,0,0,0,0,0,0,0,0,17.58,2
152,Cooper Kupp,LAR,WR,Ind,W 27-24,14.8,19/21,213,1,1,8,10,1,0,0,0,0,0,0,0,17.52,2
153,Kyler Murray,Ari,QB,Min,W 34-33,21.5,0/0,0,0,0,0,0,0,6,55,1,11,0,0,0,17.5,2
154,Lamar Jackson,Bal,QB,KC,W 36-35,21.8,0/0,0,0,0,1,-9,0,9,94,0,10,0,0,0,17.5,2
155,Tyler Lockett,Sea,WR,Ten,L 30-33,15.4,0/0,0,0,0,1,13,0,8,81,0,9,0,0,0,17.4,2
156,Tom Brady,TB,QB,Atl,W 48-25,21.1,19/30,278,2,1,2,1,0,0,0,0,0,0,0,0,17.22,2
157,Daniel Jones,NYG,QB,Wsh,L 29-30,15.7,0/0,0,0,0,13,53,1,3,29,0,5,0,0,0,17.2,2
158,Terry McLaurin,Wsh,WR,NYG,W 30-29,14.7,0/0,0,0,0,13,82,1,2,9,0,3,0,0,0,17.1,2
159,Aaron Rodgers,GB,QB,Det,W 35-17,20.5,0/0,0,0,0,0,0,0,0,0,0,0,0,0,0,17.0,2
160,Dalvin Cook,Min,RB,Ari,L 33-34,20.3,0/0,0,0,0,22,131,0,2,17,0,3,0,0,0,16.8,2
161,Nick Chubb,Cle,RB,Hou,W 31-21,17.9,0/0,0,0,0,11,95,1,1,3,0,1,0,0,0,16.8,2
162,Josh Allen,Buf,QB,Mia,W 35-0,23.1,17/33,179,2,1,5,35,0,0,0,0,0,0,0,0,16.66,2
163,Tyrod Taylor,Hou,QB,Cle,L 21-31,15.7,10/11,125,1,0,1,15,1,0,0,0,0,0,0,0,16.5,2
164,JuJu Smith-Schuster,Pit,WR,LV,L 17-26,13.8,0/0,0,0,0,1,3,1,6,41,0,7,0,0,0,16.4,2
165,Maxx Williams,Ari,TE,Min,W 34-33,4.1,0/0,0,0,0,0,0,0,7,94,0,7,0,0,0,16.4,2
166,Matt Ryan,Atl,QB,TB,L 25-48,16.6,35/46,300,2,3,2,3,0,0,0,0,0,0,0,0,16.3,2
167,Quintez Cephus,Det,WR,GB,L 17-35,5.2,0/0,0,0,0,0,0,0,4,63,1,7,0,0,0,16.3,2
168,Chris Godwin,TB,WR,Atl,W 48-25,14.2,0/0,0,0,0,0,0,0,4,62,1,5,0,0,0,16.2,2
169,Deebo Samuel,SF,WR,Phi,W 17-11,14.4,0/0,0,0,0,2,8,0,6,93,0,8,0,0,0,16.1,2
170,Stefon Diggs,Buf,WR,Mia,W 35-0,17.0,0/0,0,0,0,0,0,0,4,60,1,8,0,0,0,16.0,2
171,Tee Higgins,Cin,WR,Chi,L 17-20,12.9,0/0,0,0,0,0,0,0,6,60,1,10,0,1,0,16.0,2
172,Patriots D/ST,NE,D/ST,NYJ,W 25-6,6.9,0/0,0,0,0,0,0,0,0,0,0,0,0,0,0,16.0,2
173,Adam Thielen,Min,WR,Ari,L 33-34,14.8,0/0,0,0,0,0,0,0,6,39,1,7,0,0,0,15.9,2
174,DeAndre Hopkins,Ari,WR,Min,W 34-33,17.1,0/0,0,0,0,0,0,0,4,54,1,4,0,0,0,15.4,2
175,Zack Moss,Buf,RB,Mia,W 35-0,5.5,0/0,0,0,0,8,26,2,2,8,0,2,0,1,0,15.4,2
176,Chris Carson,Sea,RB,Ten,L 30-33,17.3,0/0,0,0,0,13,31,2,0,0,0,0,0,0,0,15.1,2
177,Nick Folk,NE,K,NYJ,W 25-6,7.5,0/0,0,0,0,0,0,0,0,0,0,0,0,0,0,15.0,2
178,Keenan Allen,LAC,WR,Dal,L 17-20,16.7,0/0,0,0,0,0,0,0,4,108,0,8,0,0,0,14.8,2
179,Zach Pascal,Ind,WR,LAR,L 24-27,9.1,0/0,0,0,0,0,0,0,5,38,1,6,0,0,0,14.8,2
180,Justin Herbert,LAC,QB,Dal,L 17-20,21.0,31/41,338,1,2,4,12,0,0,0,0,0,0,0,0,14.72,2
181,Ryan Tannehill,Ten,QB,Sea,W 33-30,17.3,27/40,347,0,0,4,27,0,0,0,0,0,0,1,0,14.58,2
182,Darius Slayton,NYG,WR,Wsh,L 29-30,9.6,0/0,0,0,0,0,0,0,3,54,1,6,0,0,0,14.4,2
183,Tyler Boyd,Cin,WR,Chi,L 17-20,11.6,0/0,0,0,0,0,0,0,7,73,0,9,0,0,0,14.3,2
184,Byron Pringle,KC,WR,Bal,L 35-36,2.4,0/0,0,0,0,0,0,0,2,63,1,2,0,0,0,14.3,2
185,Braxton Berrios,NYJ,WR,NE,L 6-25,4.9,0/0,0,0,0,0,0,0,7,73,0,11,0,0,0,14.3,2
186,Robert Tonyan,GB,TE,Det,W 35-17,8.7,0/0,0,0,0,0,0,0,3,52,1,3,0,0,0,14.2,2
187,Panthers D/ST,Car,D/ST,NO,W 26-7,5.9,0/0,0,0,0,0,0,0,0,0,0,0,0,0,0,14.0,2
188,Randy Bullock,Ten,K,Sea,W 33-30,7.1,0/0,0,0,0,0,0,0,0,0,0,0,0,0,0,14.0,2
189,Dustin Hopkins,LAC,K,Dal,L 17-20,7.4,0/0,0,0,0,0,0,0,0,0,0,0,0,0,0,14.0,2
190,Ben Roethlisberger,Pit,QB,LV,L 17-26,18.2,27/40,295,1,1,0,0,0,0,0,0,0,0,0,0,13.8,2
191,Quez Watkins,Phi,WR,SF,L 11-17,6.5,0/0,0,0,0,0,0,0,2,117,0,2,0,0,0,13.7,2
192,Demarcus Robinson,KC,WR,Bal,L 35-36,8.9,0/0,0,0,0,0,0,0,3,46,1,4,0,0,0,13.6,2
193,Ja'Marr Chase,Cin,WR,Chi,L 17-20,13.3,0/0,0,0,0,0,0,0,2,54,1,4,0,0,0,13.4,2
194,Damien Harris,NE,RB,NYJ,W 25-6,12.4,0/0,0,0,0,16,62,1,1,2,0,1,0,0,0,13.4,2
195,A.J. Green,Ari,WR,Min,W 34-33,8.9,0/0,0,0,0,0,0,0,3,44,1,6,0,0,0,13.4,2
196,Jack Doyle,Ind,TE,LAR,L 24-27,5.7,0/0,0,0,0,0,0,0,5,64,0,8,0,0,0,13.4,2
197,Brandon Zylstra,Car,WR,NO,W 26-7,0.5,0/0,0,0,0,0,0,0,3,44,1,3,0,0,0,13.4,2
198,Noah Fant,Den,TE,Jax,W 23-13,10.5,0/0,0,0,0,0,0,0,4,33,1,6,0,0,0,13.3,2
199,Mike Davis,Atl,RB,TB,L 25-48,12.9,0/0,0,0,0,9,38,0,7,25,0,7,0,0,0,13.3,2
200,Josh Allen,Buf,QB,Wsh,W 43-21,21.7,32/43,358,4,0,4,9,1,0,0,0,0,0,0,0,37.22,3
201,Mike Williams,LAC,WR,KC,W 30-24,14.9,0/0,0,0,0,0,0,0,7,122,2,9,0,0,0,33.2,3
202,Davante Adams,GB,WR,SF,W 30-28,19.8,0/0,0,0,0,0,0,0,12,132,1,18,0,0,0,31.2,3
203,Justin Herbert,LAC,QB,KC,W 30-24,20.3,26/38,281,4,0,4,16,0,0,0,0,0,0,0,0,30.84,3
204,Cooper Kupp,LAR,WR,TB,W 34-24,18.5,0/0,0,0,0,0,0,0,9,96,2,12,0,0,0,30.6,3
205,Matthew Stafford,LAR,QB,TB,W 34-24,19.4,27/38,343,4,0,2,-2,0,0,0,0,0,0,0,0,29.52,3
206,Tom Brady,TB,QB,LAR,L 24-34,19.8,41/55,432,1,0,3,14,1,0,0,0,0,0,0,0,28.68,3
207,Najee Harris,Pit,RB,Cin,L 10-24,17.5,0/0,0,0,0,14,40,0,14,102,0,19,0,0,0,28.2,3
208,Kareem Hunt,Cle,RB,Chi,W 26-6,11.0,0/0,0,0,0,10,81,1,6,74,0,7,0,0,0,27.5,3
209,Justin Jefferson,Min,WR,Sea,W 30-17,15.8,0/0,0,0,0,0,0,0,9,118,1,11,0,0,0,26.8,3
210,Ezekiel Elliott,Dal,RB,Phi,W 41-21,15.8,0/0,0,0,0,17,95,2,3,21,0,3,0,0,0,26.6,3
211,Emmanuel Sanders,Buf,WR,Wsh,W 43-21,10.8,0/0,0,0,0,0,0,0,5,94,2,6,0,0,0,26.4,3
212,Dalton Schultz,Dal,TE,Phi,W 41-21,6.3,0/0,0,0,0,0,0,0,6,80,2,7,0,0,0,26.0,3
213,James Robinson,Jax,RB,Ari,L 19-31,13.6,0/0,0,0,0,15,88,1,6,46,0,6,0,0,0,25.4,3
214,Sam Darnold,Car,QB,Hou,W 24-9,15.8,23/34,304,0,0,8,11,2,0,0,0,0,0,0,0,25.26,3
215,Kirk Cousins,Min,QB,Sea,W 30-17,17.7,30/38,323,3,0,1,2,0,0,0,0,0,0,0,0,25.12,3
216,D'Andre Swift,Det,RB,Bal,L 17-19,14.6,0/1,0,0,0,14,47,1,7,60,0,7,0,0,0,23.7,3
217,Peyton Barber,LV,RB,Mia,W 31-28,10.2,0/0,0,0,0,23,111,1,3,31,0,5,0,0,0,23.2,3
218,Alexander Mattison,Min,RB,Sea,W 30-17,16.6,0/0,0,0,0,26,112,0,6,59,0,8,0,0,0,23.1,3
219,Patrick Mahomes,KC,QB,LAC,L 24-30,23.2,27/44,260,3,2,4,45,0,0,0,0,0,0,0,0,22.9,3
220,DK Metcalf,Sea,WR,Min,L 17-30,17.5,0/0,0,0,0,0,0,0,6,107,1,9,0,0,0,22.7,3
221,Austin Ekeler,LAC,RB,KC,W 30-24,17.6,0/0,0,0,0,11,55,0,6,52,1,6,0,0,0,22.7,3
222,Ja'Marr Chase,Cin,WR,Pit,W 24-10,14.7,0/0,0,0,0,0,0,0,4,65,2,5,0,0,0,22.5,3
223,Kendrick Bourne,NE,WR,NO,L 13-28,5.6,0/0,0,0,0,0,0,0,6,96,1,8,0,0,0,21.6,3
224,Ryan Tannehill,Ten,QB,Ind,W 25-16,16.9,18/27,197,3,2,5,56,0,0,0,0,0,0,0,0,21.48,3
225,Saquon Barkley,NYG,RB,Atl,L 14-17,17.0,0/0,0,0,0,16,51,1,6,43,0,7,0,0,0,21.4,3
226,Taylor Heinicke,Wsh,QB,Buf,L 21-43,15.2,14/24,212,2,2,8,21,1,1,-2,0,1,0,0,0,21.38,3
227,Derek Carr,LV,QB,Mia,W 31-28,18.6,26/43,386,2,1,2,-2,0,0,0,0,0,0,0,0,21.24,3
228,DeSean Jackson,LAR,WR,TB,W 34-24,4.2,0/0,0,0,0,0,0,0,3,120,1,5,0,0,0,21.0,3
229,Alvin Kamara,NO,RB,NE,W 28-13,19.0,0/0,0,0,0,24,89,0,3,29,1,4,0,0,0,20.8,3
230,Cole Beasley,Buf,WR,Wsh,W 43-21,10.6,0/0,0,0,0,0,0,0,11,98,0,13,0,0,0,20.8,3
231,Brandin Cooks,Hou,WR,Car,L 9-24,14.0,0/0,0,0,0,1,5,0,9,112,0,11,0,0,0,20.7,3
232,Jalen Hurts,Phi,QB,Dal,L 21-41,20.9,25/39,326,2,2,9,35,0,0,0,0,0,0,0,0,20.54,3
233,DJ Moore,Car,WR,Hou,W 24-9,15.2,0/0,0,0,0,1,-1,0,8,126,0,12,0,0,0,20.5,3
234,Jacoby Brissett,Mia,QB,LV,L 28-31,17.2,32/49,215,0,0,7,37,1,0,0,0,0,0,0,0,20.3,3
235,Dak Prescott,Dal,QB,Phi,W 41-21,19.5,21/26,238,3,0,9,6,0,0,0,0,0,0,1,0,20.12,3
236,Giovani Bernard,TB,RB,LAR,L 24-34,3.7,0/0,0,0,0,0,0,0,9,51,1,10,0,0,0,20.1,3
237,Tyler Conklin,Min,TE,Sea,W 30-17,6.8,0/0,0,0,0,0,0,0,7,70,1,8,0,0,0,20.0,3
238,Chris Godwin,TB,WR,LAR,L 24-34,14.6,0/0,0,0,0,1,2,1,6,74,0,7,0,0,0,19.6,3
239,Derrick Henry,Ten,RB,Ind,W 25-16,20.2,0/0,0,0,0,28,113,0,3,31,0,3,0,0,0,19.4,3
240,Lamar Jackson,Bal,QB,Det,W 19-17,23.7,16/31,287,1,1,7,58,0,0,0,0,0,0,0,0,19.28,3
241,Aaron Rodgers,GB,QB,SF,W 30-28,19.0,23/33,261,2,0,0,0,0,1,-4,0,1,0,0,0,19.04,3
242,Keenan Allen,LAC,WR,KC,W 30-24,16.4,0/0,0,0,0,0,0,0,8,50,1,12,0,0,0,19.0,3
243,Saints D/ST,NO,D/ST,NE,W 28-13,6.8,0/0,0,0,0,0,0,0,0,0,0,0,0,0,1,19.0,3
244,Chase McLaughlin,Cle,K,Chi,W 26-6,7.9,0/0,0,0,0,0,0,0,0,0,0,0,0,0,0,19.0,3
245,Nyheim Hines,Ind,RB,Ten,L 16-25,10.1,0/0,0,0,0,6,25,1,5,54,0,6,0,0,0,18.9,3
246,Hunter Renfrow,LV,WR,Mia,W 31-28,10.8,0/0,0,0,0,0,0,0,5,77,1,6,0,0,0,18.7,3
247,Mike Evans,TB,WR,LAR,L 24-34,14.8,0/0,0,0,0,0,0,0,8,106,0,10,0,0,0,18.6,3
248,Mike Gesicki,Mia,TE,LV,L 28-31,7.5,0/0,0,0,0,0,0,0,10,86,0,12,0,0,0,18.6,3
249,Chase Claypool,Pit,WR,Cin,L 10-24,14.4,0/0,0,0,0,0,0,0,9,96,0,15,0,0,0,18.6,3
250,Josh Allen,Buf,QB,Wsh,W 43-21,21.7,28/34,316,0,1,7,19,1,0,0,0,0,0,0,0,18.54,3
251,Mike Williams,LAC,WR,KC,W 30-24,14.9,0/0,0,0,0,0,0,0,9,94,0,14,0,0,0,18.4,3
252,Davante Adams,GB,WR,SF,W 30-28,19.8,0/0,0,0,0,11,43,2,1,10,0,1,0,0,0,18.3,3
253,Justin Herbert,LAC,QB,KC,W 30-24,20.3,0/0,0,0,0,13,60,0,3,31,1,3,0,0,0,18.1,3
254,Cooper Kupp,LAR,WR,TB,W 34-24,18.5,0/0,0,0,0,0,0,0,0,0,0,0,0,0,0,18.0,3
255,Matthew Stafford,LAR,QB,TB,W 34-24,19.4,0/0,0,0,0,0,0,0,12,58,0,13,0,0,0,17.8,3
256,Tom Brady,TB,QB,LAR,L 24-34,19.8,0/0,0,0,0,19,82,1,2,14,0,2,0,0,0,17.6,3
257,Najee Harris,Pit,RB,Cin,L 10-24,17.5,14/18,172,3,1,5,7,0,0,0,0,0,0,0,0,17.58,3
258,Kareem Hunt,Cle,RB,Chi,W 26-6,11.0,0/0,0,0,0,0,0,0,7,104,0,11,0,0,0,17.4,3
259,Justin Jefferson,Min,WR,Sea,W 30-17,15.8,0/0,0,0,0,12,31,0,1,73,1,2,0,0,0,17.4,3
260,Ezekiel Elliott,Dal,RB,Phi,W 41-21,15.8,0/0,0,0,0,0,0,0,7,104,0,8,0,0,0,17.4,3
261,Emmanuel Sanders,Buf,WR,Wsh,W 43-21,10.8,0/0,0,0,0,1,9,0,7,92,0,9,0,0,0,17.1,3
262,Dalton Schultz,Dal,TE,Phi,W 41-21,6.3,0/0,0,0,0,0,0,0,6,50,1,9,0,0,0,17.0,3
263,James Robinson,Jax,RB,Ari,L 19-31,13.6,0/0,0,0,0,0,0,0,0,0,0,0,0,0,0,17.0,3
264,Sam Darnold,Car,QB,Hou,W 24-9,15.8,0/0,0,0,0,0,0,0,0,0,0,0,0,0,0,17.0,3
265,Baker Mayfield,Cle,QB,Chi,W 26-6,15.7,19/31,246,1,0,4,31,0,0,0,0,0,0,0,0,16.94,3
266,Clyde Edwards-Helaire,KC,RB,LAC,L 24-30,14.6,0/0,0,0,0,17,100,0,2,9,1,2,0,1,0,16.9,3
267,Russell Wilson,Sea,QB,Min,L 17-30,21.5,23/32,298,1,0,3,7,0,0,0,0,0,0,0,0,16.62,3
268,Daniel Jones,NYG,QB,Atl,L 14-17,19.3,24/35,266,0,0,8,39,0,0,0,0,0,0,0,0,16.54,3
269,Cordarrelle Patterson,Atl,RB,NYG,W 17-14,10.6,0/0,0,0,0,7,20,0,6,82,0,7,0,0,0,16.2,3
270,A.J. Green,Ari,WR,Jax,W 31-19,8.9,0/0,0,0,0,0,0,0,5,112,0,6,0,0,0,16.2,3
271,Chris Carson,Sea,RB,Min,L 17-30,16.7,0/0,0,0,0,12,80,1,2,2,0,2,0,0,0,16.2,3
272,Cardinals D/ST,Ari,D/ST,Jax,W 31-19,7.2,0/0,0,0,0,0,0,0,0,0,0,0,0,0,1,16.0,3
273,Brandon McManus,Den,K,NYJ,W 26-0,8.2,0/0,0,0,0,0,0,0,0,0,0,0,0,0,0,16.0,3
274,Mason Crosby,GB,K,SF,W 30-28,6.7,0/0,0,0,0,0,0,0,0,0,0,0,0,0,0,16.0,3
275,Mark Andrews,Bal,TE,Det,W 19-17,11.7,0/0,0,0,0,0,0,0,5,109,0,7,0,0,0,15.9,3
276,Matt Ryan,Atl,QB,NYG,W 17-14,16.1,27/36,243,2,0,1,-1,0,0,0,0,0,0,1,0,15.62,3
277,Zach Ertz,Ari,TE,Jax,W 31-19,5.1,0/0,0,0,0,0,0,0,4,53,1,7,0,0,0,15.3,3
278,Kyle Juszczyk,SF,RB,GB,L 28-30,3.6,0/0,0,0,0,5,14,0,4,37,1,4,0,0,0,15.1,3
279,Melvin Gordon III,Den,RB,NYJ,W 26-0,10.9,0/0,0,0,0,18,60,1,1,21,0,2,0,0,0,15.1,3
280,Tyler Higbee,LAR,TE,TB,W 34-24,11.3,0/0,0,0,0,0,0,0,5,40,1,5,0,0,0,15.0,3
281,Dawson Knox,Buf,TE,Wsh,W 43-21,6.2,0/0,0,0,0,0,0,0,4,49,1,5,0,0,0,14.9,3
282,Marquez Valdes-Scantling,GB,WR,SF,W 30-28,8.5,0/0,0,0,0,0,0,0,3,59,1,4,0,0,0,14.9,3
283,Tim Patrick,Den,WR,NYJ,W 26-0,9.3,0/0,0,0,0,0,0,0,5,98,0,5,0,0,0,14.8,3
284,Jamaal Williams,Det,RB,Bal,L 17-19,9.4,0/0,0,0,0,12,42,1,2,25,0,2,0,0,0,14.7,3
285,Jimmy Garoppolo,SF,QB,GB,L 28-30,14.1,25/40,257,2,1,1,4,0,0,0,0,0,0,1,0,14.68,3
286,Chase Edmonds,Ari,RB,Jax,W 31-19,14.3,0/0,0,0,0,11,26,0,7,49,0,8,0,0,0,14.5,3
287,Brandon Aiyuk,SF,WR,GB,L 28-30,7.9,0/0,0,0,0,1,8,0,4,37,1,6,0,0,0,14.5,3
288,Calvin Ridley,Atl,WR,NYG,W 17-14,16.0,0/0,0,0,0,0,0,0,8,61,0,11,0,0,0,14.1,3
289,Marquez Callaway,NO,WR,NE,W 28-13,9.9,0/0,0,0,0,0,0,0,4,41,1,5,0,0,0,14.1,3
290,Tyler Bass,Buf,K,Wsh,W 43-21,8.2,0/0,0,0,0,0,0,0,0,0,0,0,0,0,0,14.0,3
291,DJ Chark Jr.,Jax,WR,Ari,L 19-31,12.4,0/0,0,0,0,0,0,0,3,49,1,6,0,0,0,13.9,3
292,Odell Beckham Jr.,Cle,WR,Chi,W 26-6,12.4,0/0,0,0,0,1,10,0,5,77,0,9,0,0,0,13.7,3
293,Tyler Boyd,Cin,WR,Pit,W 24-10,13.6,0/0,0,0,0,0,0,0,4,36,1,6,0,0,0,13.6,3
294,Jameis Winston,NO,QB,NE,W 28-13,14.2,13/21,128,2,0,5,4,0,0,0,0,0,0,0,0,13.52,3
295,Michael Pittman Jr.,Ind,WR,Ten,L 16-25,12.9,0/0,0,0,0,1,5,0,6,68,0,12,0,0,0,13.3,3
296,Nick Westbrook-Ikhine,Ten,WR,Ind,W 25-16,2.1,0/0,0,0,0,0,0,0,4,53,1,4,0,1,0,13.3,3
297,Ben Roethlisberger,Pit,QB,Cin,L 10-24,17.1,38/58,318,1,2,1,5,0,0,0,0,0,0,0,0,13.22,3
298,Javonte Williams,Den,RB,NYJ,W 26-0,8.8,0/0,0,0,0,12,29,1,3,33,0,4,0,1,0,13.2,3
299,Greg Joseph,Min,K,Sea,W 30-17,8.1,0/0,0,0,0,0,0,0,0,0,0,0,0,0,0,13.0,3
300,Tyreek Hill,KC,WR,Phi,W 42-30,17.7,0/0,0,0,0,0,0,0,11,186,3,12,0,0,0,47.6,4
301,Deebo Samuel,SF,WR,Sea,L 21-28,16.5,0/0,0,0,0,1,1,0,8,156,2,13,0,0,0,35.7,4
302,Cordarrelle Patterson,Atl,RB,Wsh,L 30-34,12.5,0/0,0,0,0,6,34,0,5,82,3,6,0,0,0,34.6,4
303,DJ Moore,Car,WR,Dal,L 28-36,16.7,0/0,0,0,0,1,6,0,8,113,2,12,0,0,0,31.9,4
304,Patrick Mahomes,KC,QB,Phi,W 42-30,23.2,24/30,278,5,1,5,26,0,0,0,0,0,0,0,0,31.72,4
305,Sam Darnold,Car,QB,Dal,L 28-36,16.2,26/39,301,2,2,6,35,2,0,0,0,0,0,0,0,31.54,4
306,Terry McLaurin,Wsh,WR,Atl,W 34-30,15.1,0/0,0,0,0,0,0,0,6,123,2,13,0,0,0,30.3,4
307,Saquon Barkley,NYG,RB,NO,W 27-21,15.7,0/0,0,0,0,13,52,1,5,74,1,6,0,0,0,29.6,4
308,Austin Ekeler,LAC,RB,LV,W 28-14,17.9,0/0,0,0,0,15,117,1,3,28,1,5,0,0,0,29.5,4
309,Matt Ryan,Atl,QB,Wsh,L 30-34,16.7,25/42,283,4,0,1,17,0,0,0,0,0,0,0,0,29.02,4
310,Jalen Hurts,Phi,QB,KC,L 30-42,22.2,32/48,387,2,0,8,47,0,0,0,0,0,0,0,0,28.18,4
311,Taylor Heinicke,Wsh,QB,Atl,W 34-30,17.3,23/33,290,3,0,5,43,0,0,0,0,0,0,0,0,27.9,4
312,Dak Prescott,Dal,QB,Car,W 36-28,18.4,14/22,188,4,0,4,35,0,0,0,0,0,0,0,0,27.02,4
313,Daniel Jones,NYG,QB,NO,W 27-21,16.6,28/40,402,2,1,4,27,0,0,0,0,0,0,0,0,26.78,4
314,C.J. Uzomah,Cin,TE,Jax,W 24-21,4.5,0/0,0,0,0,0,0,0,5,95,2,6,0,0,0,26.5,4
315,Derrick Henry,Ten,RB,NYJ,L 24-27,21.2,0/0,0,0,0,33,157,1,2,20,0,2,0,0,0,25.7,4
316,Diontae Johnson,Pit,WR,GB,L 17-27,15.9,0/0,0,0,0,0,0,0,9,92,1,13,0,0,0,24.2,4
317,Aaron Rodgers,GB,QB,Pit,W 27-17,19.1,20/36,248,2,0,3,2,1,0,0,0,0,0,0,0,24.12,4
318,Randall Cobb,GB,WR,Pit,W 27-17,9.5,0/0,0,0,0,0,0,0,5,69,2,6,0,0,0,23.9,4
319,Kyler Murray,Ari,QB,LAR,W 37-20,22.1,24/32,268,2,0,6,39,0,0,0,0,0,0,0,0,22.62,4
320,David Montgomery,Chi,RB,Det,W 24-14,15.9,0/0,0,0,0,23,106,2,0,0,0,0,0,0,0,22.6,4
321,Russell Wilson,Sea,QB,SF,W 28-21,20.9,16/23,149,2,0,4,26,1,0,0,0,0,0,0,0,22.56,4
322,Joe Burrow,Cin,QB,Jax,W 24-21,17.5,25/32,348,2,0,3,4,0,0,0,0,0,0,0,0,22.32,4
323,Justin Herbert,LAC,QB,LV,W 28-14,20.8,25/38,222,3,0,3,4,0,0,0,0,0,0,0,0,21.28,4
324,Najee Harris,Pit,RB,GB,L 17-27,17.1,0/0,0,0,0,15,62,1,6,29,0,7,0,0,0,21.1,4
325,Corey Davis,NYJ,WR,Ten,W 27-24,12.9,0/0,0,0,0,0,0,0,4,111,1,7,0,0,0,21.1,4
326,Bills D/ST,Buf,D/ST,Hou,W 40-0,7.7,0/0,0,0,0,0,0,0,0,0,0,0,0,0,0,21.0,4
327,Van Jefferson,LAR,WR,Ari,L 20-37,8.9,0/0,0,0,0,0,0,0,6,90,1,6,0,0,0,21.0,4
328,Kenneth Gainwell,Phi,RB,KC,L 30-42,8.8,0/0,0,0,0,3,31,1,6,58,0,8,0,0,0,20.9,4
329,Tyler Boyd,Cin,WR,Jax,W 24-21,14.3,0/0,0,0,0,0,0,0,9,118,0,11,0,0,0,20.8,4
330,Dawson Knox,Buf,TE,Hou,W 40-0,7.0,0/0,0,0,0,0,0,0,5,37,2,8,0,0,0,20.7,4
331,James Robinson,Jax,RB,Cin,L 21-24,15.3,0/0,0,0,0,18,78,2,1,-2,0,2,0,0,0,20.6,4
332,James Conner,Ari,RB,LAR,W 37-20,7.0,0/0,0,0,0,18,50,2,2,16,0,2,0,0,0,20.6,4
333,Jonathan Taylor,Ind,RB,Mia,W 27-17,16.4,0/0,0,0,0,16,103,1,3,11,0,3,0,0,0,20.4,4
334,Justin Jefferson,Min,WR,Cle,L 7-14,17.2,0/0,0,0,0,0,0,0,6,84,1,7,0,0,0,20.4,4
335,Trey Lance,SF,QB,Sea,L 21-28,2.5,9/18,157,2,0,7,41,0,0,0,0,0,0,0,0,20.38,4
336,Ezekiel Elliott,Dal,RB,Car,W 36-28,15.2,0/0,0,0,0,20,143,1,0,0,0,1,0,0,0,20.3,4
337,Josh Allen,Buf,QB,Hou,W 40-0,24.9,20/30,248,2,1,6,41,0,0,0,0,0,0,0,0,20.02,4
338,Kalif Raymond,Det,WR,Chi,L 14-24,7.2,0/0,0,0,0,0,0,0,3,46,2,6,0,0,0,19.6,4
339,Lamar Jackson,Bal,QB,Den,W 23-7,19.1,22/37,316,1,0,7,28,0,0,0,0,0,0,0,0,19.44,4
340,Clyde Edwards-Helaire,KC,RB,Phi,W 42-30,13.4,0/0,0,0,0,14,102,0,2,12,1,3,0,0,0,19.4,4
341,Matthew Stafford,LAR,QB,Ari,L 20-37,19.4,26/41,280,2,1,6,21,0,0,0,0,0,0,0,0,19.3,4
342,DeVonta Smith,Phi,WR,KC,L 30-42,13.1,0/0,0,0,0,0,0,0,7,122,0,10,0,0,0,19.2,4
343,Mo Alie-Cox,Ind,TE,Mia,W 27-17,3.5,0/0,0,0,0,0,0,0,3,42,2,5,0,0,0,19.2,4
344,Marquise Brown,Bal,WR,Den,W 23-7,13.0,0/0,0,0,0,0,0,0,4,91,1,5,0,0,0,19.1,4
345,Jamison Crowder,NYJ,WR,Ten,W 27-24,10.2,0/0,0,0,0,0,0,0,7,61,1,9,0,0,0,19.1,4
346,Jared Cook,LAC,TE,LV,W 28-14,9.0,0/0,0,0,0,0,0,0,6,70,1,7,0,0,0,19.0,4
347,Ryan Tannehill,Ten,QB,NYJ,L 24-27,16.1,30/49,298,1,0,3,9,0,0,0,0,0,0,0,0,18.82,4
348,Darnell Mooney,Chi,WR,Det,W 24-14,10.7,0/0,0,0,0,1,10,0,5,125,0,7,0,0,0,18.5,4
349,Stefon Diggs,Buf,WR,Hou,W 40-0,17.3,0/0,0,0,0,0,0,0,7,114,0,11,0,0,0,18.4,4
350,Tyreek Hill,KC,WR,Phi,W 42-30,17.7,24/32,228,2,0,5,8,0,0,0,0,0,0,0,0,17.92,4
351,Deebo Samuel,SF,WR,Sea,L 21-28,16.5,0/0,0,0,0,12,120,0,4,19,0,5,0,0,0,17.9,4
352,Cordarrelle Patterson,Atl,RB,Wsh,L 30-34,12.5,0/0,0,0,0,0,0,0,6,58,1,8,0,0,0,17.8,4
353,DJ Moore,Car,WR,Dal,L 28-36,16.7,17/24,204,0,0,8,36,1,0,0,0,0,0,0,0,17.76,4
354,Patrick Mahomes,KC,QB,Phi,W 42-30,23.2,2/3,9,0,1,6,28,2,2,26,0,2,0,0,0,17.76,4
355,Sam Darnold,Car,QB,Dal,L 28-36,16.2,0/0,0,0,0,0,0,0,4,77,1,9,0,0,0,17.7,4
356,Terry McLaurin,Wsh,WR,Atl,W 34-30,15.1,0/0,0,0,0,0,0,0,5,67,1,6,0,0,0,17.7,4
357,Saquon Barkley,NYG,RB,NO,W 27-21,15.7,21/34,297,2,1,3,-2,0,0,0,0,0,0,0,0,17.68,4
358,Austin Ekeler,LAC,RB,LV,W 28-14,17.9,0/0,0,0,0,0,0,0,6,116,0,7,0,0,0,17.6,4
359,Matt Ryan,Atl,QB,Wsh,L 30-34,16.7,0/0,0,0,0,0,0,0,5,66,1,5,0,0,0,17.6,4
360,Laviska Shenault Jr.,Jax,WR,Cin,L 21-24,10.8,0/0,0,0,0,1,11,0,6,99,0,7,0,0,0,17.0,4
361,Leonard Fournette,TB,RB,NE,W 19-17,14.1,0/0,0,0,0,20,92,0,3,47,0,5,0,0,0,16.9,4
362,J.D. McKissic,Wsh,RB,Atl,W 34-30,8.4,0/0,0,0,0,7,15,0,5,44,1,5,0,0,0,16.9,4
363,Mac Jones,NE,QB,TB,L 17-19,14.8,31/40,275,2,1,1,-1,0,0,0,0,0,0,0,0,16.9,4
364,Jakobi Meyers,NE,WR,TB,L 17-19,14.1,2/2,45,0,0,0,0,0,8,70,0,12,0,0,0,16.8,4
365,Jared Goff,Det,QB,Chi,L 14-24,14.6,24/38,299,2,0,3,8,0,0,0,0,0,0,2,0,16.76,4
366,Mike Gesicki,Mia,TE,Ind,L 17-27,7.9,0/0,0,0,0,0,0,0,5,57,1,6,0,0,0,16.7,4
367,John Ross,NYG,WR,NO,W 27-21,2.6,0/0,0,0,0,0,0,0,3,77,1,4,0,0,0,16.7,4
368,Darrell Henderson Jr.,LAR,RB,Ari,L 20-37,14.7,0/0,0,0,0,14,89,0,5,27,0,6,0,0,0,16.6,4
369,Noah Fant,Den,TE,Bal,L 7-23,10.2,0/0,0,0,0,0,0,0,6,46,1,10,0,0,0,16.6,4
370,Kareem Hunt,Cle,RB,Min,W 14-7,12.6,0/0,0,0,0,14,69,1,2,17,0,4,0,0,0,16.6,4
371,Dallas Goedert,Phi,TE,KC,L 30-42,8.6,0/0,0,0,0,0,0,0,5,56,1,5,0,0,0,16.6,4
372,DK Metcalf,Sea,WR,SF,W 28-21,18.9,0/0,0,0,0,0,0,0,4,65,1,8,0,0,0,16.5,4
373,Hunter Renfrow,LV,WR,LAC,L 14-28,12.0,0/0,0,0,0,0,0,0,6,45,1,8,0,0,0,16.5,4
374,Jeremy McNichols,Ten,RB,NYJ,L 24-27,5.8,0/0,0,0,0,1,11,0,8,74,0,12,0,0,0,16.5,4
375,Tyler Bass,Buf,K,Hou,W 40-0,7.8,0/0,0,0,0,0,0,0,0,0,0,0,0,0,0,16.0,4
376,Amari Cooper,Dal,WR,Car,W 36-28,15.3,0/0,0,0,0,0,0,0,3,69,1,3,0,0,0,15.9,4
377,Alex Collins,Sea,RB,SF,W 28-21,3.1,0/0,0,0,0,10,44,1,2,34,0,2,0,0,0,15.8,4
378,Antonio Gibson,Wsh,RB,Atl,W 34-30,15.4,0/0,0,0,0,14,63,1,2,12,0,2,0,0,0,15.5,4
379,Calvin Ridley,Atl,WR,Wsh,L 30-34,16.8,0/0,0,0,0,0,0,0,7,80,0,13,0,0,0,15.0,4
380,Darren Waller,LV,TE,LAC,L 14-28,16.7,0/0,0,0,0,0,0,0,4,50,1,7,0,0,0,15.0,4
381,Matt Prater,Ari,K,LAR,W 37-20,7.6,0/0,0,0,0,0,0,0,0,0,0,0,0,0,0,15.0,4
382,Damien Williams,Chi,RB,Det,W 24-14,6.8,0/0,0,0,0,8,55,1,2,15,0,2,0,0,0,15.0,4
383,Robert Woods,LAR,WR,Ari,L 20-37,13.7,0/0,0,0,0,0,0,0,4,48,1,6,0,0,0,14.8,4
384,Jacoby Brissett,Mia,QB,Ind,L 17-27,16.4,20/30,199,2,0,3,8,0,0,0,0,0,0,1,0,14.76,4
385,Mike Evans,TB,WR,NE,W 19-17,14.5,0/0,0,0,0,0,0,0,7,75,0,12,0,0,0,14.5,4
386,Derek Carr,LV,QB,LAC,L 14-28,18.1,21/34,196,2,1,3,6,0,0,0,0,0,0,0,0,14.44,4
387,Ryan Succop,TB,K,NE,W 19-17,8.2,0/0,0,0,0,0,0,0,0,0,0,0,0,0,0,14.0,4
388,Kadarius Toney,NYG,WR,NO,W 27-21,8.7,0/0,0,0,0,1,1,0,6,78,0,9,0,0,0,13.9,4
389,Darrel Williams,KC,RB,Phi,W 42-30,5.4,0/0,0,0,0,10,42,1,2,16,0,2,0,0,0,13.8,4
390,Joe Mixon,Cin,RB,Jax,W 24-21,19.6,0/0,0,0,0,16,67,1,1,0,0,2,0,0,0,13.7,4
391,Ja'Marr Chase,Cin,WR,Jax,W 24-21,15.4,0/0,0,0,0,0,0,0,6,77,0,9,0,0,0,13.7,4
392,Antonio Brown,TB,WR,NE,W 19-17,11.1,0/0,0,0,0,0,0,0,7,63,0,11,0,0,0,13.3,4
393,Hunter Henry,NE,TE,TB,L 17-19,8.3,0/0,0,0,0,0,0,0,4,32,1,5,0,0,0,13.2,4
394,Emmanuel Sanders,Buf,WR,Hou,W 40-0,11.1,0/0,0,0,0,1,7,0,5,74,0,6,0,0,0,13.1,4
395,Jameis Winston,NO,QB,NYG,L 21-27,15.0,17/23,226,1,0,0,0,0,0,0,0,0,0,0,0,13.04,4
396,Justin Tucker,Bal,K,Den,W 23-7,8.0,0/0,0,0,0,0,0,0,0,0,0,0,0,0,0,13.0,4
397,Amon-Ra St. Brown,Det,WR,Chi,L 14-24,6.7,0/0,0,0,0,0,0,0,6,70,0,8,0,0,0,13.0,4
398,Davante Adams,GB,WR,Pit,W 27-17,20.3,0/0,0,0,0,0,0,0,6,64,0,11,0,0,0,12.4,4
399,James Proche II,Bal,WR,Den,W 23-7,0.4,0/0,0,0,0,0,0,0,5,74,0,6,0,0,0,12.4,4
400,Justin Herbert,LAC,QB,Cle,W 47-42,19.2,26/43,398,4,0,4,29,1,0,0,0,0,0,0,0,42.82,5
401,Lamar Jackson,Bal,QB,Ind,W 31-25,22.7,37/43,442,4,0,14,62,0,0,0,0,0,0,1,0,41.88,5
402,Mark Andrews,Bal,TE,Ind,W 31-25,11.4,0/0,0,0,0,0,0,0,11,147,2,13,0,0,0,41.7,5
403,Tom Brady,TB,QB,Mia,W 45-17,23.0,30/41,411,5,0,1,13,0,0,0,0,0,0,0,0,37.74,5
404,Davante Adams,GB,WR,Cin,W 25-22,21.9,0/0,0,0,0,0,0,0,11,206,1,16,0,0,0,37.6,5
405,Josh Allen,Buf,QB,KC,W 38-20,26.1,15/26,315,3,0,11,59,1,0,0,0,0,0,0,0,36.5,5
406,Mike Williams,LAC,WR,Cle,W 47-42,15.2,0/0,0,0,0,0,0,0,8,165,2,16,0,0,0,36.5,5
407,Marquise Brown,Bal,WR,Ind,W 31-25,13.0,0/0,0,0,0,0,0,0,9,125,2,10,0,0,0,33.5,5
408,Austin Ekeler,LAC,RB,Cle,W 47-42,17.2,0/0,0,0,0,17,66,2,5,53,1,5,0,1,0,32.9,5
409,Jonathan Taylor,Ind,RB,Bal,L 25-31,14.2,0/0,0,0,0,15,53,1,3,116,1,4,0,0,0,31.9,5
410,Myles Gaskin,Mia,RB,TB,L 17-45,8.5,0/0,0,0,0,5,25,0,10,74,2,10,0,0,0,31.9,5
411,Antonio Brown,TB,WR,Mia,W 45-17,13.7,0/0,0,0,0,0,0,0,7,124,2,8,0,0,0,31.4,5
412,Derrick Henry,Ten,RB,Jax,W 37-19,21.7,0/0,0,0,0,29,130,3,0,0,0,0,0,0,0,31.0,5
413,Kadarius Toney,NYG,WR,Dal,L 20-44,11.1,0/1,0,0,0,1,7,0,10,189,0,13,0,0,0,29.6,5
414,Mike Evans,TB,WR,Mia,W 45-17,16.4,0/0,0,0,0,0,0,0,6,113,2,8,0,0,0,29.3,5
415,Alvin Kamara,NO,RB,Wsh,W 33-22,21.4,0/0,0,0,0,16,71,1,5,51,1,8,0,0,0,29.2,5
416,Ja'Marr Chase,Cin,WR,GB,L 22-25,14.5,0/0,0,0,0,0,0,0,6,159,1,10,0,0,0,27.9,5
417,David Njoku,Cle,TE,LAC,L 42-47,4.0,0/0,0,0,0,0,0,0,7,149,1,7,0,0,0,27.9,5
418,Robert Woods,LAR,WR,Sea,W 26-17,13.1,0/0,0,0,0,0,0,0,12,150,0,14,0,0,0,27.0,5
419,Kyle Pitts,Atl,TE,NYJ,W 27-20,10.8,0/0,0,0,0,0,0,0,9,119,1,10,0,0,0,26.9,5
420,DK Metcalf,Sea,WR,LAR,L 17-26,19.2,0/0,0,0,0,0,0,0,5,98,2,5,0,0,0,26.8,5
421,Alexander Mattison,Min,RB,Det,W 19-17,19.1,0/0,0,0,0,25,113,0,7,40,1,7,0,1,0,26.3,5
422,Kareem Hunt,Cle,RB,LAC,L 42-47,13.1,0/0,0,0,0,12,61,2,5,28,0,6,0,0,0,25.9,5
423,Jameis Winston,NO,QB,Wsh,W 33-22,15.3,15/30,279,4,1,6,26,0,0,0,0,0,0,1,0,25.76,5
424,Ezekiel Elliott,Dal,RB,NYG,W 44-20,18.0,0/0,0,0,0,21,110,1,2,2,1,3,0,0,0,25.2,5
425,Courtland Sutton,Den,WR,Pit,L 19-27,12.7,0/0,0,0,0,0,0,0,7,120,1,11,0,0,0,25.0,5
426,Davis Mills,Hou,QB,NE,L 22-25,11.3,21/29,312,3,0,1,2,0,0,0,0,0,0,0,0,24.68,5
427,Marquez Callaway,NO,WR,Wsh,W 33-22,10.0,0/0,0,0,0,0,0,0,4,85,2,8,0,0,0,24.5,5
428,Nick Chubb,Cle,RB,LAC,L 42-47,15.0,0/0,0,0,0,21,161,1,1,9,0,1,0,0,0,24.0,5
429,Chase Claypool,Pit,WR,Den,W 27-19,12.3,0/0,0,0,0,0,0,0,5,130,1,6,0,0,0,24.0,5
430,Baker Mayfield,Cle,QB,LAC,L 42-47,14.8,23/32,305,2,0,2,8,0,0,0,0,0,0,0,0,23.0,5
431,Jalen Hurts,Phi,QB,Car,W 21-18,19.3,22/37,198,0,1,9,30,2,0,0,0,0,0,0,0,22.92,5
432,Carson Wentz,Ind,QB,Bal,L 25-31,16.0,25/35,402,2,0,2,5,0,0,0,0,0,0,1,0,22.58,5
433,D'Andre Swift,Det,RB,Min,L 17-19,16.7,0/0,0,0,0,11,51,1,6,53,0,6,0,0,0,22.4,5
434,Najee Harris,Pit,RB,Den,W 27-19,17.3,0/0,0,0,0,23,122,1,2,20,0,5,0,0,0,22.2,5
435,Chris Moore,Hou,WR,NE,L 22-25,1.3,0/0,0,0,0,0,0,0,5,109,1,5,0,0,0,21.9,5
436,Trevor Lawrence,Jax,QB,Ten,L 19-37,17.4,23/33,273,1,1,7,28,1,0,0,0,0,0,0,0,21.72,5
437,James Robinson,Jax,RB,Ten,L 19-37,15.9,0/0,0,0,0,18,149,1,1,-2,0,1,0,0,0,21.7,5
438,Matt Ryan,Atl,QB,NYJ,W 27-20,16.5,33/45,342,2,0,1,-1,0,0,0,0,0,0,0,0,21.58,5
439,Antonio Gibson,Wsh,RB,NO,L 22-33,13.0,0/0,0,0,0,20,60,2,2,12,0,2,0,0,0,21.2,5
440,Leonard Fournette,TB,RB,Mia,W 45-17,13.9,0/0,0,0,0,12,67,1,4,43,0,5,0,0,0,21.0,5
441,Michael Pittman Jr.,Ind,WR,Bal,L 25-31,14.3,0/0,0,0,0,0,0,0,6,89,1,7,0,0,0,20.9,5
442,Devontae Booker,NYG,RB,Dal,L 20-44,1.8,0/0,0,0,0,16,42,1,3,16,1,4,0,0,0,20.8,5
443,DeAndre Hopkins,Ari,WR,SF,W 17-10,15.1,0/0,0,0,0,0,0,0,6,87,1,9,0,0,0,20.7,5
444,Dawson Knox,Buf,TE,KC,W 38-20,9.7,0/0,0,0,0,0,0,0,3,117,1,4,0,0,0,20.7,5
445,Dak Prescott,Dal,QB,NYG,W 44-20,22.1,22/32,302,3,1,2,6,0,0,0,0,0,0,1,0,20.68,5
446,Emmanuel Sanders,Buf,WR,KC,W 38-20,12.3,0/0,0,0,0,0,0,0,3,54,2,5,0,0,0,20.4,5
447,Aaron Rodgers,GB,QB,Cin,W 25-22,19.4,27/39,344,2,1,0,0,0,0,0,0,0,0,0,0,19.76,5
448,Hunter Henry,NE,TE,Hou,W 25-22,7.3,0/0,0,0,0,0,0,0,6,75,1,8,0,0,0,19.5,5
449,Justin Jefferson,Min,WR,Det,W 19-17,16.9,0/0,0,0,0,0,0,0,7,124,0,8,0,0,0,19.4,5
450,Justin Herbert,LAC,QB,Cle,W 47-42,19.2,33/54,272,2,2,8,61,0,0,0,0,0,0,1,0,18.98,5
451,Lamar Jackson,Bal,QB,Ind,W 31-25,22.7,0/0,0,0,0,1,4,0,4,84,1,6,0,0,0,18.8,5
452,Mark Andrews,Bal,TE,Ind,W 31-25,11.4,24/38,288,2,1,1,11,0,0,0,0,0,0,0,0,18.62,5
453,Tom Brady,TB,QB,Mia,W 45-17,23.0,0/0,0,0,0,24,101,0,5,33,0,6,0,0,0,18.4,5
454,Davante Adams,GB,WR,Cin,W 25-22,21.9,0/1,0,0,0,14,54,0,7,60,0,9,0,0,0,18.4,5
455,Josh Allen,Buf,QB,KC,W 38-20,26.1,26/38,281,2,2,3,11,0,0,0,0,0,0,0,0,18.34,5
456,Mike Williams,LAC,WR,Cle,W 47-42,15.2,0/0,0,0,0,11,59,0,4,24,1,5,0,0,0,18.3,5
457,Marquise Brown,Bal,WR,Ind,W 31-25,13.0,0/0,0,0,0,8,30,0,4,49,1,4,0,0,0,17.9,5
458,Austin Ekeler,LAC,RB,Cle,W 47-42,17.2,0/0,0,0,0,0,0,0,6,57,1,10,0,0,0,17.7,5
459,Jonathan Taylor,Ind,RB,Bal,L 25-31,14.2,0/0,0,0,0,0,0,0,0,0,0,0,0,0,0,17.0,5
460,Darrell Henderson Jr.,LAR,RB,Sea,W 26-17,16.3,0/0,0,0,0,17,82,1,1,17,0,1,0,0,0,16.9,5
461,Josh Jacobs,LV,RB,Chi,L 9-20,14.8,0/0,0,0,0,15,48,1,4,19,0,5,0,0,0,16.7,5
462,Mecole Hardman,KC,WR,Buf,L 20-38,7.2,0/0,0,0,0,0,0,0,9,76,0,12,0,0,0,16.6,5
463,Matthew Stafford,LAR,QB,Sea,W 26-17,21.9,25/37,365,1,1,1,-1,0,0,0,0,0,0,0,0,16.5,5
464,Damien Williams,Chi,RB,LV,W 20-9,14.3,0/0,0,0,0,16,64,1,2,20,0,3,0,0,0,16.4,5
465,Cooper Kupp,LAR,WR,Sea,W 26-17,23.7,0/0,0,0,0,0,0,0,7,92,0,10,0,0,0,16.2,5
466,Deebo Samuel,SF,WR,Ari,L 10-17,17.2,0/0,0,0,0,1,13,1,3,58,0,9,0,0,0,16.1,5
467,Ben Roethlisberger,Pit,QB,Den,W 27-19,13.2,15/25,253,2,0,1,-1,0,0,0,0,0,0,1,0,16.02,5
468,Greg Joseph,Min,K,Det,W 19-17,8.1,0/0,0,0,0,0,0,0,0,0,0,0,0,0,0,16.0,5
469,Tim Patrick,Den,WR,Pit,L 19-27,11.6,0/0,0,0,0,0,0,0,7,89,0,9,0,0,0,15.9,5
470,Chris Conley,Hou,WR,NE,L 22-25,6.3,0/0,0,0,0,0,0,0,3,84,1,4,0,1,0,15.4,5
471,Diontae Johnson,Pit,WR,Den,W 27-19,16.5,0/0,0,0,0,0,0,0,2,72,1,2,0,0,0,15.2,5
472,Amari Cooper,Dal,WR,NYG,W 44-20,14.5,0/0,0,0,0,0,0,0,3,60,1,6,0,0,0,15.0,5
473,Bills D/ST,Buf,D/ST,KC,W 38-20,4.1,0/0,0,0,0,0,0,0,0,0,0,0,0,0,1,15.0,5
474,Jacoby Brissett,Mia,QB,TB,L 17-45,16.6,27/39,275,2,1,0,0,0,0,0,0,0,0,1,0,15.0,5
475,Aaron Jones,GB,RB,Cin,W 25-22,16.5,0/0,0,0,0,14,103,0,4,6,0,5,0,0,0,14.9,5
476,Tyreek Hill,KC,WR,Buf,L 20-38,19.4,0/0,0,0,0,1,15,0,7,63,0,13,0,0,0,14.8,5
477,Michael Carter,NYJ,RB,Atl,L 20-27,12.3,0/0,0,0,0,10,38,1,3,20,0,3,0,0,0,14.8,5
478,Rondale Moore,Ari,WR,SF,W 17-10,7.6,0/0,0,0,0,3,38,0,5,59,0,6,0,0,0,14.7,5
479,DeVonta Smith,Phi,WR,Car,W 21-18,13.0,0/0,0,0,0,0,0,0,7,77,0,9,0,1,0,14.7,5
480,Trey Lance,SF,QB,Ari,L 10-17,18.8,15/29,192,0,1,16,89,0,0,0,0,0,0,0,0,14.58,5
481,Tony Pollard,Dal,RB,NYG,W 44-20,9.3,0/0,0,0,0,14,75,0,4,28,0,4,0,0,0,14.3,5
482,Deonte Harris,NO,WR,Wsh,W 33-22,9.0,0/0,0,0,0,0,0,0,1,72,1,1,0,0,0,14.2,5
483,Chris Godwin,TB,WR,Mia,W 45-17,15.0,0/0,0,0,0,0,0,0,7,70,0,11,0,0,0,14.0,5
484,Greg Zuerlein,Dal,K,NYG,W 44-20,8.4,0/0,0,0,0,0,0,0,0,0,0,0,0,0,0,14.0,5
485,Eagles D/ST,Phi,D/ST,Car,W 21-18,4.9,0/0,0,0,0,0,0,0,0,0,0,0,0,0,0,14.0,5
486,Zane Gonzalez,Car,K,Phi,L 18-21,7.8,0/0,0,0,0,0,0,0,0,0,0,0,0,0,0,14.0,5
487,Ryan Tannehill,Ten,QB,Jax,W 37-19,18.4,14/22,197,1,0,3,21,0,0,0,0,0,0,0,0,13.98,5
488,Dalton Schultz,Dal,TE,NYG,W 44-20,9.1,0/0,0,0,0,0,0,0,6,79,0,8,0,0,0,13.9,5
489,Kyler Murray,Ari,QB,SF,W 17-10,23.8,22/31,239,1,0,7,1,0,0,0,0,0,0,0,0,13.66,5
490,Keenan Allen,LAC,WR,Cle,W 47-42,16.6,0/0,0,0,0,0,0,0,6,75,0,9,0,0,0,13.5,5
491,Amon-Ra St. Brown,Det,WR,Min,L 17-19,6.6,0/0,0,0,0,0,0,0,7,65,0,8,0,0,0,13.5,5
492,Kirk Cousins,Min,QB,Det,W 19-17,19.8,25/34,275,1,1,1,4,0,0,0,0,0,0,0,0,13.4,5
493,Mason Crosby,GB,K,Cin,W 25-22,8.1,0/0,0,0,0,0,0,0,0,0,0,0,0,0,0,13.0,5
494,Donald Parham Jr.,LAC,TE,Cle,W 47-42,2.8,0/0,0,0,0,0,0,0,2,29,1,2,0,0,0,12.9,5
495,Zack Moss,Buf,RB,KC,W 38-20,11.5,0/0,0,0,0,11,37,0,3,55,0,4,0,0,0,12.2,5
496,Mike Davis,Atl,RB,NYJ,W 27-20,12.0,0/0,0,0,0,13,53,1,2,8,0,5,0,1,0,12.1,5
497,Donovan Peoples-Jones,Cle,WR,LAC,L 42-47,2.7,0/0,0,0,0,0,0,0,5,70,0,6,0,0,0,12.0,5
498,Hayden Hurst,Atl,TE,NYJ,W 27-20,6.1,0/0,0,0,0,0,0,0,4,40,1,5,0,1,0,12.0,5
499,Austin Seibert,Det,K,Min,L 17-19,6.9,0/0,0,0,0,0,0,0,0,0,0,0,0,0,0,12.0,5
500,Robert Tonyan,GB,TE,Wsh,W 24-10,--,0/0,0,0,0,1,2,0,9,149,2,11,0,0,0,36.1,6
501,Zach Ertz,Ari,TE,Hou,W 31-5,--,0/0,0,0,0,20,143,3,2,13,0,3,0,0,0,35.6,6
502,Josh Jacobs,LV,RB,Phi,W 33-22,--,0/0,0,0,0,0,0,0,9,130,2,12,0,0,0,34.0,6
503,Kendrick Bourne,NE,WR,NYJ,W 54-13,--,0/0,0,0,0,22,81,2,6,46,0,6,0,0,0,30.7,6
504,Evan Engram,NYG,TE,LAR,L 11-38,--,0/0,0,0,0,1,2,0,11,126,1,13,0,0,0,29.8,6
505,Jaylen Waddle,Mia,WR,Jax,L 20-23,11.8,0/0,0,0,0,0,0,0,10,70,2,13,0,0,0,29.0,6
506,Jonathan Taylor,Ind,RB,Hou,W 31-3,16.1,0/0,0,0,0,14,145,2,1,13,0,2,0,0,0,28.8,6
507,Josh Allen,Buf,QB,Ten,L 31-34,25.4,35/47,353,3,1,9,26,0,0,0,0,0,0,0,0,28.72,6
508,Kirk Cousins,Min,QB,Car,W 34-28,15.3,33/48,373,3,0,2,16,0,0,0,0,0,0,0,0,28.52,6
509,Dak Prescott,Dal,QB,NE,W 35-29,19.5,36/51,445,3,1,3,10,0,0,0,0,0,0,1,0,26.8,6
510,Joe Mixon,Cin,RB,Det,W 34-11,17.5,0/0,0,0,0,18,94,0,5,59,1,6,0,0,0,26.3,6
511,Donovan Peoples-Jones,Cle,WR,Ari,L 14-37,5.5,0/0,0,0,0,0,0,0,4,101,2,5,0,0,0,26.1,6
512,Kyler Murray,Ari,QB,Cle,W 37-14,22.5,20/30,229,4,0,7,6,0,0,0,0,0,0,0,0,25.76,6
513,Matthew Stafford,LAR,QB,NYG,W 38-11,21.4,22/28,251,4,1,2,12,0,0,0,0,0,0,0,0,25.24,6
514,Jalen Hurts,Phi,QB,TB,L 22-28,21.4,12/26,115,1,1,10,44,2,0,0,0,0,0,0,0,25.0,6
515,Darrell Henderson Jr.,LAR,RB,NYG,W 38-11,16.3,0/0,0,0,0,21,78,1,2,29,1,3,0,0,0,24.7,6
516,Noah Fant,Den,TE,LV,L 24-34,10.3,0/0,0,0,0,0,0,0,9,97,1,11,0,0,0,24.7,6
517,Najee Harris,Pit,RB,Sea,W 23-20,22.6,0/0,0,0,0,24,81,0,6,46,1,7,0,0,0,24.7,6
518,Antonio Brown,TB,WR,Phi,W 28-22,14.0,0/0,0,0,0,0,0,0,9,93,1,13,0,0,0,24.3,6
519,Stefon Diggs,Buf,WR,Ten,L 31-34,17.3,0/0,0,0,0,0,0,0,9,89,1,11,0,0,0,23.9,6
520,Darrel Williams,KC,RB,Wsh,W 31-13,12.8,0/0,0,0,0,21,62,2,3,27,0,4,0,0,0,23.9,6
521,Aaron Rodgers,GB,QB,Chi,W 24-14,18.8,17/23,195,2,0,7,19,1,0,0,0,0,0,0,0,23.7,6
522,Courtland Sutton,Den,WR,LV,L 24-34,13.3,0/0,0,0,0,0,0,0,8,94,1,14,0,0,0,23.4,6
523,Marvin Jones Jr.,Jax,WR,Mia,W 23-20,11.7,0/0,0,0,0,0,0,0,7,100,1,10,0,0,0,23.0,6
524,Patrick Mahomes,KC,QB,Wsh,W 31-13,26.0,32/47,397,2,2,3,31,0,0,0,0,0,0,0,0,22.98,6
525,Joe Burrow,Cin,QB,Det,W 34-11,18.3,19/29,271,3,1,5,20,0,0,0,0,0,0,0,0,22.84,6
526,Tyreek Hill,KC,WR,Wsh,W 31-13,21.6,0/0,0,0,0,0,0,0,9,76,1,12,0,0,0,22.6,6
527,Dalvin Cook,Min,RB,Car,W 34-28,18.4,0/0,0,0,0,29,140,1,2,3,0,2,0,0,0,22.3,6
528,Cole Beasley,Buf,WR,Ten,L 31-34,10.9,0/0,0,0,0,0,0,0,7,88,1,9,0,0,0,21.8,6
529,Derek Carr,LV,QB,Den,W 34-24,16.1,18/27,341,2,0,2,-1,0,0,0,0,0,0,0,0,21.54,6
530,Tua Tagovailoa,Mia,QB,Jax,L 20-23,17.6,33/47,329,2,1,3,22,0,0,0,0,0,0,0,0,21.36,6
531,Kenyan Drake,LV,RB,Den,W 34-24,5.7,0/0,0,0,0,4,34,1,2,39,1,2,0,0,0,21.3,6
532,Aaron Jones,GB,RB,Chi,W 24-14,16.7,0/0,0,0,0,13,76,0,4,34,1,4,0,0,0,21.0,6
533,DeAndre Hopkins,Ari,WR,Cle,W 37-14,16.4,0/0,0,0,0,0,0,0,3,55,2,4,0,0,0,20.5,6
534,K.J. Osborn,Min,WR,Car,W 34-28,7.0,0/0,0,0,0,0,0,0,6,78,1,7,0,0,0,19.8,6
535,Mike Gesicki,Mia,TE,Jax,L 20-23,11.0,0/0,0,0,0,0,0,0,8,115,0,9,0,0,0,19.5,6
536,Khalil Herbert,Chi,RB,GB,L 14-24,13.7,0/0,0,0,0,19,97,1,2,15,0,3,0,0,0,19.2,6
537,James Robinson,Jax,RB,Mia,W 23-20,16.9,0/0,0,0,0,17,73,1,3,28,0,4,0,0,0,19.1,6
538,J.D. McKissic,Wsh,RB,KC,L 13-31,8.1,0/0,0,0,0,8,45,0,8,65,0,10,0,0,0,19.0,6
539,Ezekiel Elliott,Dal,RB,NE,W 35-29,15.9,0/0,0,0,0,17,69,0,7,50,0,9,0,0,0,18.9,6
540,A.J. Green,Ari,WR,Cle,W 37-14,8.7,0/0,0,0,0,0,0,0,5,79,1,6,0,0,0,18.9,6
541,Henry Ruggs III,LV,WR,Den,W 34-24,10.8,0/0,0,0,0,0,0,0,3,97,1,4,0,0,0,18.7,6
542,Diontae Johnson,Pit,WR,Sea,W 23-20,15.8,0/0,0,0,0,1,25,0,9,71,0,13,0,0,0,18.6,6
543,Christian Kirk,Ari,WR,Cle,W 37-14,8.8,0/0,0,0,0,0,0,0,5,75,1,8,0,0,0,18.5,6
544,Teddy Bridgewater,Den,QB,LV,L 24-34,16.4,35/49,334,3,3,2,9,0,0,0,0,0,0,1,0,18.26,6
545,Tom Brady,TB,QB,Phi,W 28-22,23.1,34/42,297,2,1,4,1,0,0,0,0,0,0,0,0,17.98,6
546,Travis Kelce,KC,TE,Wsh,W 31-13,19.0,0/0,0,0,0,0,0,0,8,99,0,11,0,0,0,17.9,6
547,Brandin Cooks,Hou,WR,Ind,L 3-31,16.2,0/0,0,0,0,0,0,0,9,89,0,13,0,0,0,17.9,6
548,Mark Andrews,Bal,TE,LAC,W 34-6,14.7,0/0,0,0,0,0,0,0,5,68,1,6,0,0,0,17.8,6
549,Damien Harris,NE,RB,Dal,L 29-35,8.6,0/0,0,0,0,18,101,1,1,7,0,1,0,0,0,17.8,6
550,CeeDee Lamb,Dal,WR,NE,W 35-29,14.4,0/0,0,0,0,13,24,1,5,43,0,7,0,0,0,17.7,6
551,Derrick Henry,Ten,RB,Buf,W 34-31,17.7,0/0,0,0,0,0,0,0,10,76,0,14,0,0,0,17.6,6
552,Cooper Kupp,LAR,WR,NYG,W 38-11,22.5,11/20,223,2,0,2,1,0,0,0,0,0,0,0,0,17.02,6
553,Leonard Fournette,TB,RB,Phi,W 28-22,14.3,0/0,0,0,0,0,0,0,0,0,0,0,0,0,0,17.0,6
554,Adam Thielen,Min,WR,Car,W 34-28,14.1,0/0,0,0,0,0,0,0,6,49,1,7,0,0,0,16.9,6
555,Jaylen Waddle,Mia,WR,Jax,L 20-23,11.8,0/0,0,0,0,20,101,1,1,-3,0,1,0,0,0,16.8,6
556,Jonathan Taylor,Ind,RB,Hou,W 31-3,16.1,0/0,0,0,0,0,0,0,7,91,0,9,0,0,0,16.1,6
557,Josh Allen,Buf,QB,Ten,L 31-34,25.4,0/0,0,0,0,0,0,0,0,0,0,0,0,0,0,16.0,6
558,Trevor Lawrence,Jax,QB,Mia,W 23-20,17.9,25/41,319,1,0,2,11,0,0,0,0,0,0,1,0,15.86,6
559,Ricky Seals-Jones,Wsh,TE,KC,L 13-31,8.3,0/0,0,0,0,0,0,0,4,58,1,6,0,0,0,15.8,6
560,Chris Evans,Cin,RB,Det,W 34-11,5.8,0/0,0,0,0,4,18,0,3,49,1,3,0,0,0,15.7,6
561,Darnell Mooney,Chi,WR,GB,L 14-24,11.4,0/0,0,0,0,0,0,0,5,45,1,8,0,0,0,15.5,6
562,T.J. Hockenson,Det,TE,Cin,L 11-34,11.1,0/0,0,0,0,0,0,0,8,74,0,11,0,0,0,15.4,6
563,Josh Jacobs,LV,RB,Den,W 34-24,13.9,0/0,0,0,0,16,53,1,1,29,0,1,0,0,0,15.2,6
564,Rhamondre Stevenson,NE,RB,Dal,L 29-35,3.3,0/0,0,0,0,5,23,1,3,39,0,3,0,0,0,15.2,6
565,Sam Darnold,Car,QB,Min,L 28-34,16.7,17/41,207,1,1,4,48,0,0,0,0,0,0,1,0,15.08,6
566,Matt Prater,Ari,K,Cle,W 37-14,8.4,0/0,0,0,0,0,0,0,0,0,0,0,0,0,0,15.0,6
567,Mac Jones,NE,QB,Dal,L 29-35,14.4,15/21,229,2,1,2,-4,0,0,0,0,0,0,1,0,14.76,6
568,Kendrick Bourne,NE,WR,Dal,L 29-35,8.6,0/0,0,0,0,0,0,0,1,75,1,2,0,0,0,14.5,6
569,Emmanuel Sanders,Buf,WR,Ten,L 31-34,12.6,0/0,0,0,0,0,0,0,5,91,0,8,0,0,0,14.1,6
570,Justin Jefferson,Min,WR,Car,W 34-28,16.2,0/0,0,0,0,0,0,0,8,80,0,14,0,1,0,14.0,6
571,Cardinals D/ST,Ari,D/ST,Cle,W 37-14,5.1,0/0,0,0,0,0,0,0,0,0,0,0,0,0,0,14.0,6
572,Ja'Marr Chase,Cin,WR,Det,W 34-11,15.3,0/0,0,0,0,0,0,0,4,97,0,6,0,0,0,13.7,6
573,Latavius Murray,Bal,RB,LAC,W 34-6,9.1,0/0,0,0,0,9,44,1,2,12,0,2,0,0,0,13.6,6
574,Demarcus Robinson,KC,WR,Wsh,W 31-13,6.0,0/0,0,0,0,0,0,0,3,46,1,6,0,0,0,13.6,6
575,Chuba Hubbard,Car,RB,Min,L 28-34,16.1,0/0,0,0,0,16,61,1,1,4,0,3,0,0,0,13.5,6
576,Justin Fields,Chi,QB,GB,L 14-24,14.4,16/27,174,1,1,6,43,0,0,0,0,0,0,0,0,13.26,6
577,Tim Patrick,Den,WR,LV,L 24-34,12.1,0/0,0,0,0,0,0,0,3,42,1,6,0,0,0,13.2,6
578,Tyler Bass,Buf,K,Ten,L 31-34,8.2,0/0,0,0,0,0,0,0,0,0,0,0,0,0,0,13.0,6
579,Cowboys D/ST,Dal,D/ST,NE,W 35-29,7.1,0/0,0,0,0,0,0,0,0,0,0,0,0,0,1,13.0,6
580,Chris Boswell,Pit,K,Sea,W 23-20,8.7,0/0,0,0,0,0,0,0,0,0,0,0,0,0,0,13.0,6
581,Ryan Tannehill,Ten,QB,Buf,W 34-31,15.6,18/29,216,0,1,2,3,1,0,0,0,0,0,0,0,12.94,6
582,Davante Adams,GB,WR,Chi,W 24-14,21.9,0/0,0,0,0,0,0,0,4,89,0,5,0,0,0,12.9,6
583,Dalton Schultz,Dal,TE,NE,W 35-29,11.2,0/0,0,0,0,0,0,0,5,79,0,6,0,0,0,12.9,6
584,Odell Beckham Jr.,Cle,WR,Ari,L 14-37,12.5,0/0,0,0,0,0,0,0,5,79,0,8,0,0,0,12.9,6
585,Zach Ertz,Ari,TE,Cle,W 37-14,10.5,0/0,0,0,0,0,0,0,4,29,1,6,0,0,0,12.9,6
586,Pat Freiermuth,Pit,TE,Sea,W 23-20,3.8,0/0,0,0,0,0,0,0,7,58,0,7,0,0,0,12.8,6
587,Jamal Agnew,Jax,WR,Mia,W 23-20,6.4,0/0,0,0,0,0,0,0,5,78,0,6,0,0,0,12.8,6
588,Jared Cook,LAC,TE,Bal,L 6-34,9.8,0/0,0,0,0,0,0,0,4,25,1,7,0,0,0,12.5,6
589,Baker Mayfield,Cle,QB,Ari,L 14-37,15.1,19/28,234,2,1,3,8,0,0,0,0,0,0,2,0,12.16,6
590,Parris Campbell,Ind,WR,Hou,W 31-3,4.4,0/0,0,0,0,0,0,0,1,51,1,1,0,0,0,12.1,6
591,Justin Tucker,Bal,K,LAC,W 34-6,9.1,0/0,0,0,0,0,0,0,0,0,0,0,0,0,0,12.0,6
592,Greg Zuerlein,Dal,K,NE,W 35-29,8.7,0/0,0,0,0,0,0,0,0,0,0,0,0,0,0,12.0,6
593,T.Y. Hilton,Ind,WR,Hou,W 31-3,5.8,0/0,0,0,0,0,0,0,4,80,0,4,0,0,0,12.0,6
594,DK Metcalf,Sea,WR,Pit,L 20-23,17.6,0/0,0,0,0,0,0,0,6,58,0,7,0,0,0,11.8,6
595,Lamar Jackson,Bal,QB,LAC,W 34-6,23.8,19/27,167,1,2,8,51,0,0,0,0,0,0,0,0,11.78,6
596,Allen Lazard,GB,WR,Chi,W 24-14,6.4,0/0,0,0,0,0,0,0,3,27,1,5,0,0,0,11.7,6
597,Jakobi Meyers,NE,WR,Dal,L 29-35,14.7,0/0,0,0,0,0,0,0,5,44,0,6,0,0,0,11.4,6
598,Laviska Shenault Jr.,Jax,WR,Mia,W 23-20,11.1,0/0,0,0,0,0,0,0,6,54,0,10,0,0,0,11.4,6
599,Devonta Freeman,Bal,RB,LAC,W 34-6,6.6,0/0,0,0,0,9,53,1,0,0,0,2,0,0,0,11.3,6
600,Cooper Kupp,LAR,WR,Det,W 28-19,23.0,0/0,0,0,0,0,0,0,10,156,2,13,0,0,0,37.6,7
601,Ja'Marr Chase,Cin,WR,Bal,W 41-17,16.2,0/0,0,0,0,0,0,0,8,201,1,10,0,0,0,34.1,7
602,Alvin Kamara,NO,RB,Sea,W 13-10,23.7,0/0,0,0,0,20,51,0,10,128,1,11,0,0,0,33.9,7
603,Mike Evans,TB,WR,Chi,W 38-3,16.0,0/0,0,0,0,0,0,0,6,76,3,10,0,0,0,31.6,7
604,D'Andre Swift,Det,RB,LAR,L 19-28,17.6,0/0,0,0,0,13,48,0,8,96,1,10,0,0,0,28.4,7
605,A.J. Brown,Ten,WR,KC,W 27-3,14.6,0/0,0,0,0,0,0,0,8,133,1,9,0,0,0,27.3,7
606,Matthew Stafford,LAR,QB,Det,W 28-19,22.3,28/41,334,3,0,2,-2,0,0,0,0,0,0,0,0,27.16,7
607,Joe Burrow,Cin,QB,Bal,W 41-17,18.7,23/38,416,3,1,1,0,0,0,0,0,0,0,0,0,26.64,7
608,Tua Tagovailoa,Mia,QB,Atl,L 28-30,17.7,32/40,291,4,2,4,29,0,0,0,0,0,0,0,0,26.54,7
609,Damien Harris,NE,RB,NYJ,W 54-13,11.6,0/0,0,0,0,14,106,2,2,7,0,2,0,0,0,25.3,7
610,Terry McLaurin,Wsh,WR,GB,L 10-24,15.9,0/0,0,0,0,0,0,0,7,122,1,12,0,0,0,25.2,7
611,Chris Godwin,TB,WR,Chi,W 38-3,15.5,0/0,0,0,0,0,0,0,8,111,1,11,0,0,0,25.1,7
612,D'Ernest Johnson,Cle,RB,Den,W 17-14,14.3,0/0,0,0,0,22,146,1,2,22,0,2,0,0,0,24.8,7
613,Aaron Rodgers,GB,QB,Wsh,W 24-10,21.9,27/35,274,3,0,2,17,0,0,0,0,0,0,0,0,24.66,7
614,Tom Brady,TB,QB,Chi,W 38-3,21.4,20/36,211,4,0,0,0,0,0,0,0,0,0,0,0,24.44,7
615,C.J. Uzomah,Cin,TE,Bal,W 41-17,6.3,0/0,0,0,0,0,0,0,3,91,2,3,0,0,0,24.1,7
616,Jalen Hurts,Phi,QB,LV,L 22-33,22.4,18/34,236,2,0,13,61,0,0,0,0,0,0,1,0,23.54,7
617,Kyle Pitts,Atl,TE,Mia,W 30-28,13.0,0/0,0,0,0,0,0,0,7,163,0,8,0,0,0,23.3,7
618,Lamar Jackson,Bal,QB,Cin,L 17-41,23.0,15/31,257,1,0,12,88,0,0,0,0,0,0,0,0,23.08,7
619,Mac Jones,NE,QB,NYJ,W 54-13,14.1,24/36,307,2,0,3,19,0,0,0,0,0,0,0,0,22.18,7
620,Mike Gesicki,Mia,TE,Atl,L 28-30,11.5,0/0,0,0,0,0,0,0,7,85,1,8,0,0,0,21.5,7
621,Kyler Murray,Ari,QB,Hou,W 31-5,24.5,20/28,261,3,1,6,10,0,0,0,0,0,0,0,0,21.44,7
622,Deebo Samuel,SF,WR,Ind,L 18-30,17.7,0/0,0,0,0,0,0,0,7,100,1,11,0,1,0,21.0,7
623,Michael Pittman Jr.,Ind,WR,SF,W 30-18,12.8,0/0,0,0,0,0,0,0,4,105,1,4,0,0,0,20.5,7
624,Carson Wentz,Ind,QB,SF,W 30-18,14.4,17/26,150,2,0,4,23,1,0,0,0,0,0,1,0,20.3,7
625,Taylor Heinicke,Wsh,QB,GB,L 10-24,17.3,25/37,268,1,1,10,95,0,0,0,0,0,0,1,0,20.22,7
626,Brandon Bolden,NE,RB,NYJ,W 54-13,6.5,0/0,0,0,0,2,0,0,6,79,1,7,0,0,0,19.9,7
627,Davante Adams,GB,WR,Wsh,W 24-10,23.2,0/0,0,0,0,0,0,0,6,76,1,7,0,0,0,19.6,7
628,Ryan Tannehill,Ten,QB,KC,W 27-3,19.4,21/27,270,1,1,2,6,1,0,0,0,0,0,0,0,19.4,7
629,Derek Carr,LV,QB,Phi,W 33-22,18.5,31/34,323,2,1,2,1,0,0,0,0,0,0,0,0,19.02,7
630,Marquise Brown,Bal,WR,Cin,L 17-41,13.7,0/0,0,0,0,0,0,0,5,80,1,14,0,0,0,19.0,7
631,DeAndre Hopkins,Ari,WR,Hou,W 31-5,14.4,0/0,0,0,0,0,0,0,7,53,1,9,0,0,0,18.3,7
632,Khalil Herbert,Chi,RB,TB,L 3-38,9.9,0/0,0,0,0,18,100,0,5,33,0,5,0,0,0,18.3,7
633,Jonathan Taylor,Ind,RB,SF,W 30-18,16.4,0/0,0,0,0,18,107,1,3,3,0,3,0,1,0,18.0,7
634,Buccaneers D/ST,TB,D/ST,Chi,W 38-3,6.9,0/0,0,0,0,0,0,0,0,0,0,0,0,0,0,18.0,7
635,Foster Moreau,LV,TE,Phi,W 33-22,7.4,0/0,0,0,0,0,0,0,6,60,1,6,0,0,0,18.0,7
636,Myles Gaskin,Mia,RB,Atl,L 28-30,11.6,0/0,0,0,0,15,67,0,4,10,1,4,0,0,0,17.7,7
637,DK Metcalf,Sea,WR,NO,L 10-13,15.5,0/0,0,0,0,0,0,0,2,96,1,5,0,0,0,17.6,7
638,Kalif Raymond,Det,WR,LAR,L 19-28,9.6,0/0,0,0,0,1,1,0,6,115,0,8,0,0,0,17.6,7
639,Daniel Jones,NYG,QB,Car,W 25-3,16.6,23/33,203,1,0,8,28,0,1,16,0,1,0,0,0,17.52,7
640,Matt Ryan,Atl,QB,Mia,W 30-28,19.6,25/40,336,2,1,3,0,0,0,0,0,0,0,1,0,17.44,7
641,Javonte Williams,Den,RB,Cle,L 14-17,10.5,0/0,0,0,0,4,20,0,6,32,1,7,0,0,0,17.2,7
642,Leonard Fournette,TB,RB,Chi,W 38-3,16.8,0/0,0,0,0,15,81,1,2,9,0,4,0,0,0,17.0,7
643,Allen Lazard,GB,WR,Wsh,W 24-10,8.7,0/0,0,0,0,0,0,0,5,60,1,6,0,0,0,17.0,7
644,Kenyan Drake,LV,RB,Phi,W 33-22,7.6,0/0,0,0,0,14,69,1,3,10,0,3,0,0,0,16.9,7
645,Jameis Winston,NO,QB,Sea,W 13-10,16.3,19/35,222,1,0,8,40,0,0,0,0,0,0,0,0,16.88,7
646,Elijah Mitchell,SF,RB,Ind,L 18-30,13.5,0/0,0,0,0,18,107,1,0,0,0,0,0,0,0,16.7,7
647,Russell Gage,Atl,WR,Mia,W 30-28,8.4,0/0,0,0,0,0,0,0,4,67,1,6,0,0,0,16.7,7
648,Derrick Henry,Ten,RB,KC,W 27-3,25.1,1/1,5,1,0,29,86,0,2,16,0,2,0,0,0,16.4,7
649,Michael Carter,NYJ,RB,NE,L 13-54,12.8,0/0,0,0,0,11,37,0,8,67,0,9,0,1,0,16.4,7
650,Cooper Kupp,LAR,WR,Det,W 28-19,23.0,0/0,0,0,0,0,0,0,4,63,1,5,0,0,0,16.3,7
651,Ja'Marr Chase,Cin,WR,Bal,W 41-17,16.2,0/0,0,0,0,1,4,0,3,66,1,5,0,0,0,16.0,7
652,Alvin Kamara,NO,RB,Sea,W 13-10,23.7,0/0,0,0,0,6,29,1,3,39,0,3,0,0,0,15.8,7
653,Mike Evans,TB,WR,Chi,W 38-3,16.0,1/1,25,1,0,0,0,0,4,68,0,4,0,0,0,15.8,7
654,D'Andre Swift,Det,RB,LAR,L 19-28,17.6,0/0,0,0,0,9,21,2,1,5,0,1,0,0,0,15.6,7
655,A.J. Brown,Ten,WR,KC,W 27-3,14.6,1/1,16,0,0,0,0,0,5,39,1,5,0,0,0,15.54,7
656,Matthew Stafford,LAR,QB,Det,W 28-19,22.3,0/0,0,0,0,0,0,0,7,83,0,8,0,0,0,15.3,7
657,Joe Burrow,Cin,QB,Bal,W 41-17,18.7,0/0,0,0,0,0,0,0,6,70,0,6,0,0,0,15.0,7
658,Tua Tagovailoa,Mia,QB,Atl,L 28-30,17.7,0/0,0,0,0,0,0,0,0,0,0,0,0,0,0,15.0,7
659,Damien Harris,NE,RB,NYJ,W 54-13,11.6,0/0,0,0,0,0,0,0,4,50,1,5,0,0,0,15.0,7
660,Terry McLaurin,Wsh,WR,GB,L 10-24,15.9,0/0,0,0,0,0,0,0,0,0,0,0,0,0,0,15.0,7
661,Chris Godwin,TB,WR,Chi,W 38-3,15.5,0/0,0,0,0,0,0,0,0,0,0,0,0,0,0,15.0,7
662,D'Ernest Johnson,Cle,RB,Den,W 17-14,14.3,0/0,0,0,0,0,0,0,4,47,1,6,0,0,0,14.7,7
663,Aaron Rodgers,GB,QB,Wsh,W 24-10,21.9,0/0,0,0,0,14,51,1,2,15,0,3,0,0,0,14.6,7
664,Tom Brady,TB,QB,Chi,W 38-3,21.4,0/0,0,0,0,11,52,1,1,23,0,1,0,0,0,14.5,7
665,C.J. Uzomah,Cin,TE,Bal,W 41-17,6.3,0/0,0,0,0,0,0,0,4,43,1,7,0,0,0,14.3,7
666,Kenneth Gainwell,Phi,RB,LV,L 22-33,8.4,0/0,0,0,0,5,20,0,4,41,1,8,0,1,0,14.1,7
667,Cordarrelle Patterson,Atl,RB,Mia,W 30-28,16.9,0/0,0,0,0,14,60,1,2,1,0,5,0,0,0,14.1,7
668,Nick Folk,NE,K,NYJ,W 54-13,9.0,0/0,0,0,0,0,0,0,0,0,0,0,0,0,0,14.0,7
669,Titans D/ST,Ten,D/ST,KC,W 27-3,3.5,0/0,0,0,0,0,0,0,0,0,0,0,0,0,0,14.0,7
670,Teddy Bridgewater,Den,QB,Cle,L 14-17,17.6,23/33,187,2,1,2,3,0,0,0,0,0,0,0,0,13.78,7
671,Travis Kelce,KC,TE,Ten,L 3-27,19.3,0/0,0,0,0,0,0,0,7,65,0,12,0,0,0,13.5,7
672,DJ Moore,Car,WR,NYG,L 3-25,17.6,0/0,0,0,0,0,0,0,6,73,0,10,0,0,0,13.3,7
673,Bryan Edwards,LV,WR,Phi,W 33-22,9.3,0/0,0,0,0,0,0,0,3,43,1,4,0,0,0,13.3,7
674,Tee Higgins,Cin,WR,Bal,W 41-17,13.6,0/0,0,0,0,0,0,0,7,62,0,15,0,0,0,13.2,7
675,Nelson Agholor,NE,WR,NYJ,W 54-13,8.4,0/0,0,0,0,0,0,0,2,51,1,5,0,0,0,13.1,7
676,Ty Johnson,NYJ,RB,NE,L 13-54,6.9,0/0,0,0,0,5,6,0,6,65,0,7,0,0,0,13.1,7
677,Patriots D/ST,NE,D/ST,NYJ,W 54-13,6.8,0/0,0,0,0,0,0,0,0,0,0,0,0,0,0,13.0,7
678,Evan McPherson,Cin,K,Bal,W 41-17,7.7,0/0,0,0,0,0,0,0,0,0,0,0,0,0,0,13.0,7
679,Devonta Freeman,Bal,RB,Cin,L 17-41,7.2,0/0,0,0,0,4,14,1,3,25,0,3,0,0,0,12.9,7
680,Hunter Renfrow,LV,WR,Phi,W 33-22,12.8,0/0,0,0,0,0,0,0,7,58,0,8,0,0,0,12.8,7
681,Tyreek Hill,KC,WR,Ten,L 3-27,21.8,0/0,0,0,0,1,18,0,6,49,0,9,0,0,0,12.7,7
682,Case Keenum,Cle,QB,Den,W 17-14,13.5,21/33,199,1,0,4,7,0,0,0,0,0,0,0,0,12.66,7
683,Calvin Ridley,Atl,WR,Mia,W 30-28,18.5,0/0,0,0,0,0,0,0,4,26,1,10,0,0,0,12.6,7
684,James Conner,Ari,RB,Hou,W 31-5,13.4,0/0,0,0,0,10,64,1,0,0,0,0,0,0,0,12.4,7
685,Byron Pringle,KC,WR,Ten,L 3-27,3.9,0/0,0,0,0,0,0,0,5,73,0,6,0,0,0,12.3,7
686,Dallas Goedert,Phi,TE,LV,L 22-33,11.2,0/0,0,0,0,0,0,0,3,70,0,5,0,0,0,12.0,7
687,Colts D/ST,Ind,D/ST,SF,W 30-18,5.0,0/0,0,0,0,0,0,0,0,0,0,0,0,0,0,12.0,7
688,Younghoe Koo,Atl,K,Mia,W 30-28,7.3,0/0,0,0,0,0,0,0,0,0,0,0,0,0,0,12.0,7
689,Joe Mixon,Cin,RB,Bal,W 41-17,16.2,0/0,0,0,0,12,59,1,0,0,0,0,0,0,0,11.9,7
690,Geno Smith,Sea,QB,NO,L 10-13,14.2,12/22,167,1,0,3,12,0,0,0,0,0,0,0,0,11.88,7
691,Courtland Sutton,Den,WR,Cle,L 14-17,15.6,0/0,0,0,0,0,0,0,5,68,0,5,0,0,0,11.8,7
692,Mo Alie-Cox,Ind,TE,SF,W 30-18,6.6,0/0,0,0,0,0,0,0,3,25,1,3,0,0,0,11.5,7
693,Darius Slayton,NYG,WR,Car,W 25-3,10.6,0/0,0,0,0,0,0,0,5,63,0,9,0,0,0,11.3,7
694,Melvin Gordon III,Den,RB,Cle,L 14-17,10.5,0/0,0,0,0,8,18,0,2,14,1,3,0,0,0,11.2,7
695,DeVonta Smith,Phi,WR,LV,L 22-33,12.5,0/0,0,0,0,0,0,0,5,61,0,9,0,0,0,11.1,7
696,Ricky Seals-Jones,Wsh,TE,GB,L 10-24,8.8,0/0,0,0,0,0,0,0,6,51,0,7,0,0,0,11.1,7
697,Jared Goff,Det,QB,LAR,L 19-28,13.9,22/36,268,1,2,1,3,0,0,0,0,0,0,0,0,11.02,7
698,Cardinals D/ST,Ari,D/ST,Hou,W 31-5,7.6,0/0,0,0,0,0,0,0,0,0,0,0,0,0,0,11.0,7
699,Randy Bullock,Ten,K,KC,W 27-3,8.8,0/0,0,0,0,0,0,0,0,0,0,0,0,0,0,11.0,7
