player,team,position,c/a,yds,td,int,car,yds,td,rec,yds,td,tar,2pc,fuml,td,fpts,avg
Cooper Kupp,LAR,WR,0/1,0,0,0,4,18,0,145,1947,16,191,0,0,0,439.5,25.9
Josh Allen,Buf,QB,409/646,4407,36,15,122,763,6,0,0,0,0,0,3,0,402.58,23.7
Justin Herbert,LAC,QB,443/672,5014,38,15,63,302,3,0,0,0,0,0,1,0,380.76,22.4
Tom Brady,TB,QB,485/719,5316,43,12,28,81,2,0,0,0,0,0,3,0,374.74,22.0
Jonathan Taylor,Ind,RB,0/0,0,0,0,332,1811,18,40,360,2,51,0,2,0,373.1,21.9
Patrick Mahomes,KC,QB,436/658,4839,37,13,66,381,2,0,0,0,0,0,4,0,361.66,21.3
Davante Adams,LV,WR,0/0,0,0,0,0,0,0,123,1553,11,169,0,0,0,344.3,21.5
Austin Ekeler,LAC,RB,0/0,0,0,0,206,911,12,70,647,8,94,0,3,0,343.8,21.5
Deebo Samuel,SF,WR,1/2,24,1,0,59,365,8,77,1405,6,121,0,2,0,338.96,21.2
Aaron Rodgers,GB,QB,366/531,4115,37,4,33,101,3,1,-4,0,1,0,0,0,333.3,20.8
Justin Jefferson,Min,WR,2/4,35,0,0,6,14,0,108,1616,10,167,0,1,0,330.4,19.4
Matthew Stafford,LAR,QB,404/601,4886,41,17,32,43,0,0,0,0,0,0,2,0,329.74,19.4
Dak Prescott,Dal,QB,410/596,4449,37,10,48,146,1,0,0,0,0,0,6,0,320.56,20.0
Joe Burrow,Cin,QB,366/520,4611,34,14,40,118,2,0,0,0,0,0,2,0,314.24,19.6
Jalen Hurts,Phi,QB,265/432,3144,16,9,139,784,10,0,0,0,1,0,2,0,312.16,20.8
Ja'Marr Chase,Cin,WR,0/0,0,0,0,7,21,0,81,1455,13,128,0,1,0,304.6,17.9
Mark Andrews,Bal,TE,0/0,0,0,0,1,0,0,107,1361,9,154,0,0,0,301.1,17.7
Najee Harris,Pit,RB,0/0,0,0,0,307,1200,7,74,467,3,94,0,0,0,300.7,17.7
Kyler Murray,Ari,QB,333/481,3787,24,10,88,423,5,0,7,0,0,0,0,0,300.48,21.5
Kirk Cousins,Min,QB,372/561,4221,33,7,29,115,1,0,0,0,0,0,2,0,300.34,18.8
Tyreek Hill,Mia,WR,0/0,0,0,0,9,96,0,111,1239,9,159,0,1,0,296.5,17.4
Joe Mixon,Cin,RB,0/0,0,0,0,292,1205,13,42,314,3,48,0,1,0,287.9,18.0
Stefon Diggs,Buf,WR,0/0,0,0,0,0,0,0,103,1225,10,164,0,0,0,285.5,16.8
Diontae Johnson,Pit,WR,0/0,0,0,0,5,53,0,107,1161,8,169,0,2,0,274.4,17.2
Ryan Tannehill,Ten,QB,357/531,3734,21,14,55,270,7,0,0,0,0,0,4,0,268.36,15.8
Travis Kelce,KC,TE,0/0,0,0,0,2,3,1,92,1125,9,134,0,1,0,262.8,16.4
Mike Evans,TB,WR,0/0,0,0,0,1,10,0,74,1035,14,114,0,0,0,262.5,16.4
Hunter Renfrow,LV,WR,0/0,0,0,0,3,3,0,103,1038,9,128,0,1,0,259.1,15.2
Carson Wentz,Wsh,QB,322/516,3563,27,7,57,215,1,0,0,0,0,0,5,0,258.02,15.2
Keenan Allen,LAC,WR,0/1,0,0,0,0,0,0,106,1138,6,157,0,0,0,257.8,16.1
James Conner,Ari,RB,0/0,0,0,0,202,752,15,37,375,3,39,0,0,0,257.7,17.2
Derek Carr,LV,QB,428/626,4804,23,14,40,108,0,0,0,0,0,0,5,0,256.96,15.1
Leonard Fournette,TB,RB,0/1,0,0,0,180,812,8,69,454,2,84,0,0,0,255.6,18.3
Ezekiel Elliott,Dal,RB,1/1,4,0,0,237,1002,10,47,287,2,65,0,1,0,252.06,14.8
Mike Williams,LAC,WR,0/0,0,0,0,0,0,0,76,1146,9,129,0,0,0,246.6,15.4
Jaylen Waddle,Mia,WR,0/0,0,0,0,2,3,1,104,1015,6,141,0,1,0,245.8,15.4
DK Metcalf,Sea,WR,0/0,0,0,0,1,6,0,75,967,12,129,0,0,0,244.3,14.4
Russell Wilson,Den,QB,259/400,3113,25,6,43,183,2,0,0,0,0,0,1,0,242.82,17.3
Chris Godwin,TB,WR,0/0,0,0,0,4,21,1,98,1103,5,128,0,2,0,242.4,17.3
Tyler Lockett,Sea,WR,0/0,0,0,0,2,9,0,73,1175,8,107,0,0,0,241.4,15.1
Lamar Jackson,Bal,QB,246/382,2882,16,13,133,767,2,0,0,0,0,0,3,0,239.98,20.0
Michael Pittman Jr.,Ind,WR,0/0,0,0,0,5,44,0,88,1082,6,129,0,0,0,238.6,14.0
DJ Moore,Car,WR,0/0,0,0,0,8,48,0,93,1157,4,163,0,1,0,237.5,14.0
Alvin Kamara,NO,RB,0/0,0,0,0,240,898,4,47,439,5,67,0,0,0,234.7,18.1
Cordarrelle Patterson,Atl,RB,0/1,0,0,0,153,618,6,52,548,5,69,0,0,0,234.6,14.7
CeeDee Lamb,Dal,WR,0/0,0,0,0,9,76,0,79,1102,6,120,0,0,0,232.8,14.6
Brandin Cooks,Hou,WR,0/0,0,0,0,2,21,0,90,1037,6,134,0,0,0,231.8,14.5
Antonio Gibson,Wsh,RB,0/0,0,0,0,258,1037,7,42,294,3,52,0,4,0,229.1,14.3
Aaron Jones,GB,RB,0/0,0,0,0,171,799,4,52,391,6,65,0,1,0,229.0,15.3
Jimmy Garoppolo,SF,QB,301/441,3810,20,12,38,51,3,0,0,0,0,0,3,0,227.5,15.2
Cooper Kupp,LAR,WR,0/0,0,0,0,7,61,1,90,912,5,119,0,0,0,227.3,14.2
Josh Allen,Buf,QB,0/0,0,0,0,1,5,0,91,1008,6,145,0,1,0,226.3,14.1
Justin Herbert,LAC,QB,0/0,0,0,0,217,872,9,54,348,0,64,0,2,0,226.0,15.1
Tom Brady,TB,QB,352/521,3801,22,13,44,129,0,0,0,0,0,0,3,0,224.94,13.2
Jonathan Taylor,Ind,RB,375/560,3968,20,12,40,82,1,0,0,0,0,0,4,0,222.92,13.1
Patrick Mahomes,KC,QB,321/494,3419,20,15,60,313,1,1,-2,0,1,0,2,0,222.86,13.9
Davante Adams,LV,WR,0/0,0,0,0,6,32,1,81,1055,4,140,0,0,0,219.7,12.9
Austin Ekeler,LAC,RB,0/0,0,0,0,0,0,0,74,1091,6,110,0,1,0,219.1,15.7
Deebo Samuel,SF,WR,390/605,3740,22,10,20,5,1,0,0,0,0,0,5,0,218.1,13.6
Aaron Rodgers,GB,QB,0/0,0,0,0,228,1259,8,20,174,1,25,0,1,0,215.3,15.4
Justin Jefferson,Min,WR,0/0,0,0,0,1,12,0,77,1053,5,130,0,0,0,213.5,12.6
Matthew Stafford,LAR,QB,0/0,0,0,0,202,929,15,18,132,0,21,0,2,0,210.1,14.0
Dak Prescott,Dal,QB,0/1,0,0,0,151,617,5,62,452,2,78,0,1,0,208.9,16.1
Joe Burrow,Cin,QB,0/0,0,0,0,0,0,0,78,808,8,104,0,0,0,208.8,12.3
Jalen Hurts,Phi,QB,1/1,33,0,0,1,11,0,77,982,5,103,0,0,0,207.62,12.2
Ja'Marr Chase,Cin,WR,0/0,0,0,0,249,1159,6,34,224,0,49,0,2,0,206.3,15.9
Mark Andrews,Bal,TE,0/0,0,0,0,203,903,4,43,316,3,53,0,1,0,204.9,12.1
Najee Harris,Pit,RB,285/426,3052,18,7,30,106,2,0,0,0,0,0,1,0,202.68,14.5
Kyler Murray,Ari,QB,0/0,0,0,0,0,0,0,68,865,8,103,0,0,0,202.5,13.5
Kirk Cousins,Min,QB,0/0,0,0,0,1,2,0,67,726,10,95,0,0,0,199.8,15.4
Tyreek Hill,Mia,WR,359/602,3641,12,17,73,334,2,0,0,0,0,0,5,0,199.04,11.7
Joe Mixon,Cin,RB,0/0,0,0,0,3,20,0,71,910,6,94,0,1,0,198.0,14.1
Devin Singletary,Buf,RB,0/0,0,0,0,188,870,7,40,228,1,50,0,0,0,197.8,11.6
Darrel Williams,FA,RB,0/0,0,0,0,144,558,6,47,452,2,57,0,0,0,196.0,11.5
Melvin Gordon III,Den,RB,0/0,0,0,0,203,918,8,28,213,2,38,0,3,0,195.1,12.2
David Montgomery,Chi,RB,0/1,0,0,1,225,849,7,42,301,0,51,0,1,0,195.0,15.0
Jared Goff,Det,QB,332/494,3245,19,8,17,87,0,0,0,0,0,0,6,0,194.5,13.9
Derrick Henry,Ten,RB,1/1,5,1,0,219,937,10,18,154,0,20,0,0,0,193.3,24.2
Jakobi Meyers,NE,WR,2/2,45,0,0,1,9,0,83,866,2,126,0,1,0,186.3,11.6
DeVonta Smith,Phi,WR,0/0,0,0,0,0,0,0,64,916,5,104,0,1,0,185.6,10.9
AJ Dillon,GB,RB,0/0,0,0,0,187,803,5,34,313,2,37,0,1,0,185.6,10.9
Tyler Boyd,Cin,WR,1/1,46,0,0,2,22,0,67,828,5,94,0,0,0,183.84,11.5
Tua Tagovailoa,Mia,QB,263/388,2653,16,10,42,128,3,0,0,0,0,0,1,0,180.92,13.9
A.J. Brown,Phi,WR,0/2,0,0,0,2,10,0,63,869,5,105,0,0,0,180.9,13.9
Baker Mayfield,Cle,QB,253/418,3010,17,13,37,134,1,0,11,0,0,0,3,0,180.9,12.9
Zach Ertz,Ari,TE,0/0,0,0,0,1,4,0,74,763,5,112,0,0,0,180.7,10.6
Kendrick Bourne,NE,WR,1/1,25,1,0,12,125,0,55,800,5,70,0,1,0,180.5,10.6
Marvin Jones Jr.,Jax,WR,0/0,0,0,0,0,0,0,73,832,4,120,0,0,0,180.2,10.6
Kyle Pitts,Atl,TE,0/0,0,0,0,0,0,0,68,1026,1,110,0,0,0,176.6,10.4
James Robinson,Jax,RB,0/0,0,0,0,164,767,8,31,222,0,46,0,2,0,173.9,12.4
Myles Gaskin,Mia,RB,0/0,0,0,0,173,612,3,49,234,4,63,0,1,0,173.6,10.2
Rob Gronkowski,FA,TE,0/0,0,0,0,0,0,0,55,802,6,89,0,0,0,171.2,14.3
Brandon Aiyuk,SF,WR,0/0,0,0,0,5,17,0,56,826,5,84,0,1,0,170.3,10.0
Van Jefferson,LAR,WR,0/0,0,0,0,2,20,0,50,802,6,89,0,0,0,168.2,9.9
Daniel Jones,NYG,QB,232/361,2428,10,7,62,298,2,1,16,0,1,0,3,0,167.52,15.2
Chase Claypool,Pit,WR,0/0,0,0,0,14,96,0,59,860,2,105,0,0,0,166.6,11.1
Dallas Goedert,Phi,TE,0/0,0,0,0,0,0,0,56,830,4,76,0,0,0,165.0,11.0
Elijah Mitchell,SF,RB,0/0,0,0,0,207,963,5,19,137,1,20,0,0,0,165.0,15.0
Mike Gesicki,Mia,TE,0/1,0,0,0,0,0,0,73,780,2,111,0,0,0,165.0,9.7
Hunter Henry,NE,TE,0/0,0,0,0,0,0,0,50,603,9,75,0,0,0,164.3,10.3
Amon-Ra St. Brown,Det,WR,0/0,0,0,0,0,4,0,49,587,9,71,0,0,0,164.1,10.9
Marquise Brown,Ari,WR,0/0,0,0,0,149,688,5,29,176,3,40,0,0,0,163.4,13.6
Josh Jacobs,LV,RB,0/0,0,0,0,0,0,0,66,770,4,94,0,2,0,163.0,12.5
Mac Jones,NE,QB,0/0,0,0,0,130,719,2,39,337,0,46,0,0,1,162.6,10.8
Matt Ryan,Ind,QB,0/1,0,0,0,0,0,0,82,693,1,112,0,0,0,159.3,10.0
Taylor Heinicke,Wsh,QB,0/0,0,0,0,0,0,0,68,670,4,90,0,0,0,159.0,9.9
Darnell Mooney,Chi,WR,0/0,0,0,0,1,10,0,50,655,7,82,0,0,0,158.5,9.3
Tee Higgins,Cin,WR,243/406,2527,9,13,48,222,5,0,0,0,0,0,4,0,157.28,13.1
Ben Roethlisberger,Pit,QB,263/394,2664,16,10,18,44,0,0,0,0,0,0,1,0,156.96,12.1
Nick Chubb,Cle,RB,0/0,0,0,0,0,0,0,54,848,3,92,0,0,0,156.8,9.8
Terry McLaurin,Wsh,WR,0/0,0,0,0,0,0,0,53,734,5,85,0,0,0,156.4,9.8
Michael Carter,NYJ,RB,0/0,0,0,0,147,639,4,36,325,0,55,0,1,0,154.4,11.0
Zach Wilson,NYJ,QB,213/383,2334,9,11,29,185,4,0,0,0,1,0,1,0,151.86,11.7
Marquez Callaway,NO,WR,0/0,0,0,0,0,0,0,46,698,6,84,0,0,0,151.8,8.9
Pat Freiermuth,Pit,TE,0/0,0,0,0,0,0,0,60,497,7,79,0,1,0,151.7,9.5
Courtland Sutton,Den,WR,1/1,16,0,0,0,0,0,58,776,2,98,0,0,0,150.24,8.8
Saquon Barkley,NYG,RB,0/0,0,0,0,162,593,2,41,263,2,57,0,1,0,148.6,11.4
Cedrick Wilson,Mia,WR,3/3,88,0,0,2,11,0,45,602,6,61,0,0,0,147.82,9.9
DeAndre Hopkins,Ari,WR,0/0,0,0,0,0,0,0,42,572,8,64,0,0,0,147.2,14.7
Tyler Higbee,LAR,TE,0/0,0,0,0,0,0,0,61,560,5,85,0,0,0,147.0,9.8
Devonta Freeman,FA,RB,0/0,0,0,0,133,576,5,34,190,1,42,0,0,0,146.6,9.2
Sony Michel,Mia,RB,0/0,0,0,0,208,845,4,21,128,1,33,0,1,0,146.3,8.6
T.J. Hockenson,Det,TE,0/0,0,0,0,0,0,0,61,583,4,83,0,0,0,145.3,12.1
Devontae Booker,FA,RB,0/0,0,0,0,145,593,2,40,268,1,45,0,0,0,144.1,9.0
Chase Edmonds,Mia,RB,0/0,0,0,0,116,592,2,43,311,0,53,0,1,0,143.3,11.9
Allen Lazard,GB,WR,0/0,0,0,0,3,32,0,40,513,8,60,0,0,0,142.5,10.2
Mecole Hardman,KC,WR,0/0,0,0,0,8,46,0,59,693,2,83,0,2,0,140.9,8.3
Robby Anderson,Car,WR,0/0,0,0,0,3,36,0,53,519,5,110,0,0,0,138.5,8.1
Tyler Conklin,NYJ,TE,0/0,0,0,0,0,0,0,61,593,3,87,0,0,0,138.3,8.1
Elijah Moore,NYJ,WR,0/0,0,0,0,5,54,1,43,538,5,77,0,0,0,138.2,12.6
Mike Davis,Bal,RB,0/0,0,0,0,138,503,3,44,259,1,58,0,3,0,138.2,8.1
Chuba Hubbard,Car,RB,0/0,0,0,0,172,612,5,25,174,1,37,0,1,0,137.6,8.6
Robert Woods,Ten,WR,0/0,0,0,0,8,46,1,45,556,4,69,0,0,0,137.2,15.2
Darren Waller,LV,TE,0/0,0,0,0,0,0,0,55,665,2,93,0,0,0,133.5,12.1
Jarvis Landry,NO,WR,0/0,0,0,0,6,40,2,52,570,2,87,0,2,0,133.0,11.1
Jared Cook,FA,TE,0/0,0,0,0,0,0,0,48,564,4,83,0,0,0,132.4,8.3
Kalif Raymond,Det,WR,0/0,0,0,0,4,28,0,48,576,4,71,0,0,0,132.4,8.3
Emmanuel Sanders,FA,WR,0/0,0,0,0,2,31,0,42,626,4,72,0,0,0,131.7,9.4
Odell Beckham Jr.,FA,WR,0/0,0,0,0,2,14,0,44,537,5,82,0,0,0,129.1,9.2
C.J. Uzomah,NYJ,TE,0/0,0,0,0,0,0,0,49,493,5,63,0,0,0,128.3,8.0
J.D. McKissic,Wsh,RB,0/0,0,0,0,48,212,2,43,397,2,53,0,0,0,127.9,11.6
Christian McCaffrey,Car,RB,0/0,0,0,0,99,442,1,37,343,1,41,0,0,0,127.5,18.2
Laviska Shenault Jr.,Jax,WR,0/0,0,0,0,11,41,0,63,619,0,99,0,1,0,127.0,7.9
Byron Pringle,Chi,WR,0/0,0,0,0,0,0,0,42,568,5,60,0,1,0,126.8,7.9
Justin Fields,Chi,QB,159/270,1870,7,10,72,420,2,0,0,0,0,0,5,0,126.8,10.6
Gabriel Davis,Buf,WR,0/0,0,0,0,0,0,0,35,549,6,63,0,0,0,125.9,8.4
Alexander Mattison,Min,RB,0/0,0,0,0,134,491,3,32,228,1,39,0,1,0,125.9,7.9
Brandon Bolden,LV,RB,0/0,0,0,0,44,226,1,41,405,2,49,0,0,0,124.1,7.8
Kenneth Gainwell,Phi,RB,0/0,0,0,0,68,291,5,33,253,1,50,0,1,0,123.4,7.7
Taysom Hill,NO,TE,78/134,978,4,5,70,374,5,4,52,0,6,0,0,0,121.72,10.1
Dawson Knox,Buf,TE,0/0,0,0,0,119,749,6,6,48,0,8,0,0,0,121.7,12.2
Darrell Henderson Jr.,LAR,RB,0/0,0,0,0,1,0,0,60,612,0,93,0,0,0,121.2,7.1
Russell Gage,TB,WR,0/0,0,0,0,7,40,2,46,431,2,65,0,1,1,121.1,7.6
Tony Pollard,Dal,RB,0/0,0,0,0,1,6,0,42,545,4,62,0,0,0,121.1,17.3
Cole Beasley,FA,WR,0/0,0,0,0,153,601,3,26,157,0,28,0,0,0,119.8,9.2
Noah Fant,Sea,TE,0/0,0,0,0,3,20,0,48,478,4,63,0,2,0,117.8,7.9
K.J. Osborn,Min,WR,0/0,0,0,0,119,517,4,19,129,2,23,0,2,0,117.6,11.8
Sam Darnold,Car,QB,95/161,1170,14,3,32,166,1,0,0,0,0,0,1,0,117.4,16.8
Davis Mills,Hou,QB,0/0,0,0,0,137,754,0,26,158,0,34,0,1,0,117.2,9.8
A.J. Green,Ari,WR,0/0,0,0,0,61,238,2,34,372,2,55,0,1,0,117.0,7.3
Tim Patrick,Den,WR,0/0,0,0,0,1,3,0,43,647,1,62,0,0,0,116.0,6.8
Rhamondre Stevenson,NE,RB,0/0,0,0,0,133,606,5,14,123,0,18,0,1,0,114.9,9.6
Deonte Harty,NO,WR,0/0,0,0,0,5,41,0,36,570,3,59,0,1,0,113.1,8.7
Nyheim Hines,Ind,RB,0/0,0,0,0,56,276,2,40,310,1,57,0,2,0,112.6,6.6
Kareem Hunt,Cle,RB,0/0,0,0,0,78,386,5,22,174,0,27,0,0,0,110.0,13.8
Jamison Crowder,Buf,WR,0/0,0,0,0,0,0,0,51,447,2,71,0,1,0,109.7,9.1
Donovan Peoples-Jones,Cle,WR,0/0,0,0,0,0,0,0,34,597,3,58,0,1,0,109.7,8.4
Rondale Moore,Ari,WR,0/0,0,0,0,18,76,0,54,435,1,65,0,1,0,109.1,7.8
Bryan Edwards,Atl,WR,0/0,0,0,0,1,0,0,34,571,3,59,0,0,0,109.1,6.4
Mark Ingram II,NO,RB,0/0,0,0,0,160,554,2,27,162,0,35,0,1,0,108.6,7.8
David Njoku,Cle,TE,0/0,0,0,0,1,1,0,36,475,4,53,0,0,0,107.6,7.2
Nick Westbrook-Ikhine,Ten,WR,0/0,0,0,0,0,0,0,38,476,4,57,0,1,0,107.6,7.2
Zay Jones,Jax,WR,0/0,0,0,0,2,3,0,47,546,1,70,0,1,0,105.9,7.1
Corey Davis,NYJ,WR,0/0,0,0,0,0,0,0,34,492,4,59,0,1,0,105.2,11.7
Zack Moss,Buf,RB,0/0,0,0,0,96,345,4,23,197,1,32,0,1,0,105.2,8.1
Rex Burkhead,Hou,RB,0/1,0,0,0,122,427,3,25,186,0,32,0,0,0,104.3,7.0
D'Ernest Johnson,Cle,RB,0/0,0,0,0,100,534,3,19,137,0,25,0,0,0,104.1,8.0
Latavius Murray,FA,RB,0/0,0,0,0,119,501,6,10,75,0,13,0,0,0,103.6,7.4
Rashod Bateman,Bal,WR,0/0,0,0,0,0,0,0,46,515,1,67,0,0,0,103.5,8.6
DeVante Parker,NE,WR,0/0,0,0,0,0,0,0,40,515,2,73,0,0,0,103.5,10.4
Nelson Agholor,NE,WR,0/0,0,0,0,3,11,0,37,473,3,64,0,0,0,103.4,7.4
Evan Engram,Jax,TE,0/0,0,0,0,1,-3,0,46,408,3,73,0,1,0,102.5,6.8
Kenyan Drake,LV,RB,0/0,0,0,0,63,254,2,30,291,1,40,0,0,0,102.5,8.5
Boston Scott,Phi,RB,0/0,0,0,0,87,373,7,13,83,0,16,0,1,0,98.6,8.2
Jalen Guyton,LAC,WR,0/0,0,0,0,7,34,0,31,448,3,48,0,0,0,97.2,6.1
Zach Pascal,Phi,WR,0/0,0,0,0,2,21,0,38,384,3,69,0,1,0,94.5,5.9
D'Onta Foreman,Car,RB,0/0,0,0,0,133,566,3,9,123,0,11,0,1,0,93.9,10.4
Randall Cobb,GB,WR,0/0,0,0,0,1,1,0,28,375,5,39,0,1,0,93.6,8.5
Joshua Palmer,LAC,WR,0/0,0,0,0,1,6,0,33,353,4,49,0,0,0,92.9,6.2
Austin Hooper,Ten,TE,0/0,0,0,0,0,0,0,38,345,3,61,0,0,0,92.5,5.8
Michael Gallup,Dal,WR,0/0,0,0,0,0,0,0,35,445,2,62,0,0,0,91.5,10.2
Trevor Siemian,Chi,QB,108/188,1154,11,3,9,20,1,0,0,0,0,0,1,0,90.16,15.0
Olamide Zaccheaus,Atl,WR,0/0,0,0,0,1,2,0,31,406,3,53,0,0,0,89.8,6.0
Ameer Abdullah,LV,RB,0/0,0,0,0,51,166,0,38,289,1,53,0,0,0,89.5,5.3
Kenny Golladay,NYG,WR,0/0,0,0,0,0,0,0,37,521,0,76,0,0,0,89.1,6.4
Tre'Quan Smith,NO,WR,0/0,0,0,0,0,0,0,32,377,3,50,0,0,0,87.7,8.0
Allen Robinson II,LAR,WR,0/0,0,0,0,0,0,0,38,410,1,66,0,0,0,87.0,7.3
Marquez Valdes-Scantling,KC,WR,0/0,0,0,0,0,0,0,26,430,3,55,0,0,0,87.0,7.9
DeAndre Carter,LAC,WR,0/0,0,0,0,10,89,0,24,296,3,44,0,0,1,86.5,5.1
Freddie Swain,Sea,WR,0/0,0,0,0,5,32,0,25,343,4,40,0,0,0,86.5,5.1
Rashaad Penny,Sea,RB,69/126,684,4,5,47,230,5,0,0,0,0,0,1,0,86.36,10.8
Cole Kmet,Chi,TE,0/0,0,0,0,68,364,2,22,178,0,25,0,1,0,86.2,6.2
Braxton Berrios,NYJ,WR,0/0,0,0,0,0,0,0,30,373,3,44,0,0,0,85.3,6.1
Antonio Brown,FA,WR,0/0,0,0,0,2,3,0,38,467,0,56,0,0,0,85.0,8.5
Jamaal Williams,Det,RB,149/236,1515,8,9,16,76,0,0,0,0,0,0,1,0,84.2,10.5
Gerald Everett,LAC,TE,0/0,0,0,0,0,0,0,33,446,1,61,0,0,0,83.6,6.0
Clyde Edwards-Helaire,KC,RB,0/0,0,0,0,55,246,1,27,196,1,31,0,0,0,83.2,5.2
Jameis Winston,NO,QB,122/188,1081,3,4,47,294,2,0,0,0,0,0,3,0,82.64,11.8
Miles Sanders,Phi,RB,0/0,0,0,0,0,0,0,33,434,1,51,0,0,0,82.4,6.9
Ty Johnson,NYJ,RB,1/3,19,0,0,3,6,0,39,420,0,57,0,0,0,82.36,9.2
Quez Watkins,Phi,WR,0/0,0,0,0,0,0,0,24,282,5,38,0,0,0,82.2,6.3
Rhamondre Stevenson,NE,RB,91/150,966,5,5,19,151,3,0,0,0,0,0,0,0,81.74,13.6
Deonte Harty,NO,WR,0/0,0,0,0,67,228,0,32,225,1,42,0,1,0,81.3,6.3
Nyheim Hines,Ind,RB,0/0,0,0,0,0,0,0,29,396,2,49,0,0,0,80.6,8.1
Kareem Hunt,Cle,RB,0/0,0,0,0,0,0,0,31,434,1,48,0,0,0,80.4,8.0
Mo Alie-Cox,Ind,TE,0/0,0,0,0,0,0,0,24,316,4,45,0,0,0,79.6,4.7
Adam Humphries,Wsh,WR,0/0,0,0,0,0,0,0,41,383,0,62,0,0,0,79.3,4.7
Ronald Jones II,KC,RB,0/0,0,0,0,101,428,4,10,64,0,13,0,2,0,79.2,5.3
Jack Doyle,Ind,TE,0/0,0,0,0,0,0,0,29,302,3,43,0,0,0,79.2,4.7
Anthony Firkser,Atl,TE,0/0,0,0,0,0,0,0,34,291,2,43,0,1,0,79.1,5.3
Khalil Herbert,Chi,RB,0/0,0,0,0,103,433,2,14,96,0,16,0,0,0,78.9,4.9
Keelan Cole,LV,WR,0/1,0,0,0,0,0,0,28,449,1,51,0,0,0,78.9,5.6
Cameron Brate,TB,TE,0/0,0,0,0,0,0,0,30,245,4,57,0,0,0,78.5,4.9
Jalen Reagor,Phi,WR,0/0,0,0,0,10,32,0,33,299,2,57,0,0,0,78.1,4.6
Sterling Shepard,NYG,WR,0/0,0,0,0,1,-9,0,36,366,1,53,0,0,0,77.7,11.1
Devin Duvernay,Bal,WR,0/0,0,0,0,7,50,0,33,272,2,47,0,0,0,77.2,4.8
Albert Okwuegbunam,Den,TE,0/0,0,0,0,0,0,0,33,330,2,40,0,1,0,76.0,5.4
Jamal Agnew,Jax,WR,0/0,0,0,0,7,111,1,24,229,1,39,0,0,1,76.0,7.6
Dan Arnold,Jax,TE,0/0,0,0,0,0,0,0,35,408,0,52,0,1,0,75.8,7.6
DeSean Jackson,FA,WR,0/0,0,0,0,1,4,0,20,454,2,34,0,1,0,75.8,5.4
T.Y. Hilton,FA,WR,0/0,0,0,0,0,0,0,23,331,3,37,0,0,0,74.1,7.4
Kyle Juszczyk,SF,RB,0/0,0,0,0,8,22,1,30,296,1,38,0,0,0,73.8,4.6
Jeremy McNichols,Ten,RB,0/0,0,0,0,41,156,0,28,240,1,38,0,0,0,73.6,5.7
Dontrell Hilliard,Ten,RB,0/0,0,0,0,56,350,2,19,87,0,26,0,1,0,72.7,10.4
Jacoby Brissett,Cle,QB,141/225,1283,5,4,19,70,1,0,0,0,0,0,3,0,72.32,6.6
Tyler Johnson,TB,WR,0/0,0,0,0,0,0,0,36,360,0,55,0,0,0,72.0,4.5
Calvin Ridley,Atl,WR,0/0,0,0,0,0,0,0,31,281,2,52,0,0,0,71.1,14.2
Sammy Watkins,GB,WR,0/0,0,0,0,0,0,0,27,394,1,49,0,1,0,70.4,5.4
Geoff Swaim,Ten,TE,0/0,0,0,0,0,0,0,31,210,3,40,0,0,0,70.0,4.4
Durham Smythe,Mia,TE,0/0,0,0,0,2,3,0,34,357,0,41,0,0,0,70.0,4.7
Demarcus Robinson,LV,WR,0/0,0,0,0,0,0,0,25,264,3,41,0,0,0,69.4,5.0
Ricky Seals-Jones,NYG,TE,0/0,0,0,0,0,0,0,30,271,2,49,0,0,0,69.1,6.3
Alex Collins,FA,RB,0/0,0,0,0,108,411,2,9,87,0,10,0,1,0,68.8,6.3
Danny Amendola,FA,WR,0/1,0,0,0,0,0,0,24,248,3,37,0,0,0,68.8,8.6
Darius Slayton,NYG,WR,0/0,0,0,0,1,-13,0,26,339,2,58,0,1,0,68.6,5.3
Jonnu Smith,NE,TE,0/0,0,0,0,9,40,0,28,294,1,45,0,0,0,67.4,4.5
Ray-Ray McCloud,SF,WR,0/0,0,0,0,2,15,0,39,277,0,66,0,1,0,66.2,4.1
James Washington,Dal,WR,0/0,0,0,0,2,13,0,24,285,2,44,0,0,0,65.8,4.4
Ryan Griffin,Chi,TE,0/0,0,0,0,0,0,0,27,261,2,42,0,0,0,65.1,4.6
Chester Rogers,FA,WR,0/0,0,0,0,1,9,0,30,301,1,43,0,1,0,65.0,4.1
Cam Newton,Car,QB,41/71,603,5,2,38,168,1,0,0,0,0,0,0,0,64.92,10.8
Justin Jackson,FA,RB,0/0,0,0,0,0,0,0,26,329,1,38,0,1,0,64.9,5.9
Foster Moreau,LV,TE,0/0,0,0,0,1,3,0,22,323,2,37,0,1,0,64.6,4.6
Jerry Jeudy,Den,WR,0/0,0,0,0,0,0,0,26,221,3,31,0,1,0,64.1,5.3
Andy Dalton,NO,QB,0/0,0,0,0,0,0,0,27,263,2,43,0,1,0,63.3,5.3
Nico Collins,Hou,WR,0/0,0,0,0,86,406,3,2,19,0,5,0,0,0,62.5,8.9
Samaje Perine,Cin,RB,0/0,0,0,0,0,0,0,21,233,3,28,0,0,0,62.3,4.8
Tyler Huntley,Bal,QB,0/0,0,0,0,21,177,1,16,161,0,20,0,0,1,61.8,4.4
Laquon Treadwell,Jax,WR,0/0,0,0,0,0,0,0,25,245,2,33,0,0,0,61.5,5.1
Kadarius Toney,NYG,WR,0/0,0,0,0,40,164,2,16,103,1,23,0,0,0,60.7,5.1
Jauan Jennings,SF,WR,0/0,0,0,0,0,0,0,14,223,4,28,0,0,0,60.3,4.0
Tyrod Taylor,NYG,QB,0/0,0,0,0,33,138,2,21,133,0,23,0,0,0,60.1,3.5
David Johnson,FA,RB,0/0,0,0,0,0,0,0,26,257,1,39,0,0,0,59.7,4.0
Josh Reynolds,Det,WR,0/0,0,0,0,71,330,3,4,41,0,5,0,0,0,59.1,11.8
Julio Jones,FA,WR,0/0,0,0,0,8,58,0,23,123,3,29,0,0,0,59.1,5.9
Mo Alie-Cox,Ind,TE,0/0,0,0,0,0,0,0,20,190,3,27,0,0,0,59.0,4.9
Adam Humphries,Wsh,WR,0/0,0,0,0,0,0,0,19,208,3,32,0,0,0,57.8,6.4
Ronald Jones II,KC,RB,0/0,0,0,0,0,0,0,24,275,1,47,0,0,0,57.5,4.8
Jack Doyle,Ind,TE,0/0,0,0,0,2,-1,0,20,313,1,40,0,0,0,57.2,4.1
Anthony Firkser,Atl,TE,0/0,0,0,0,51,256,2,8,105,0,9,0,0,0,56.1,6.2
Khalil Herbert,Chi,RB,0/0,0,0,0,68,266,2,10,73,0,12,0,0,0,55.9,4.0
Keelan Cole,LV,WR,0/0,0,0,0,0,0,0,20,178,3,28,0,0,0,55.8,6.2
Cameron Brate,TB,TE,0/0,0,0,0,0,0,0,21,227,2,22,0,0,0,55.7,5.6
Jalen Reagor,Phi,WR,65/95,702,5,1,9,42,1,0,0,0,0,0,1,0,54.28,13.6
Sterling Shepard,NYG,WR,0/0,0,0,0,0,0,0,18,196,3,25,0,1,0,53.6,8.9
Devin Duvernay,Bal,WR,0/0,0,0,0,3,11,1,20,180,1,35,0,0,0,53.1,3.5
Albert Okwuegbunam,Den,TE,0/0,0,0,0,0,0,0,13,159,4,22,0,0,0,52.9,4.4
Jamal Agnew,Jax,WR,0/0,0,0,0,9,47,1,20,178,1,26,0,1,0,52.5,3.5
Drew Lock,Sea,QB,67/111,787,2,2,10,53,2,1,1,0,1,0,1,0,51.88,8.6
Jeff Wilson Jr.,SF,RB,0/0,0,0,0,79,294,2,7,31,0,8,0,0,0,51.5,6.4
Tevin Coleman,NYJ,RB,0/0,0,0,0,84,356,0,11,49,0,16,0,0,0,51.5,4.7
Tavon Austin,FA,WR,0/0,0,0,0,3,21,0,24,213,1,37,0,1,0,51.4,4.7
John Bates,Wsh,TE,0/0,0,0,0,0,0,0,20,249,1,25,0,0,0,50.9,4.6
Jimmy Graham,FA,TE,0/0,0,0,0,0,0,0,14,167,3,23,0,0,0,50.7,4.6
Demetric Felton,Cle,RB,0/0,0,0,0,7,24,0,18,181,2,21,0,0,0,50.5,3.2
Robert Tonyan,GB,TE,0/0,0,0,0,0,0,0,18,204,2,29,0,0,0,50.4,6.3
James O'Shaughnessy,Chi,TE,0/0,0,0,0,0,0,0,24,244,0,34,0,0,0,50.4,7.2
Dare Ogunbowale,Hou,RB,0/0,0,0,0,43,137,1,13,114,1,21,0,0,0,50.1,3.9
Will Dissly,Sea,TE,0/0,0,0,0,0,0,0,21,231,1,26,0,0,0,50.1,3.9
Peyton Barber,FA,RB,0/0,0,0,0,55,212,2,10,67,0,13,0,0,0,49.9,5.5
Lil'Jordan Humphrey,NO,WR,0/0,0,0,0,0,0,0,13,249,2,18,0,0,0,49.9,5.5
Chris Evans,Cin,RB,0/0,0,0,0,17,77,0,15,151,2,17,0,0,0,49.8,4.5
JaMycal Hasty,SF,RB,0/0,0,0,0,16,68,1,23,157,0,29,0,1,0,49.5,4.5
Quintez Cephus,Det,WR,0/0,0,0,0,0,0,0,15,204,2,23,0,0,0,49.4,9.9
Brandon Zylstra,Car,WR,0/1,0,0,0,0,0,0,18,250,1,25,0,0,0,49.0,3.8
Cam Sims,Wsh,WR,0/0,0,0,0,1,7,0,15,211,2,23,0,0,0,48.8,4.1
MyCole Pruitt,FA,TE,0/0,0,0,0,0,0,0,14,145,3,18,0,0,0,48.5,4.0
Chris Carson,Sea,RB,0/0,0,0,0,54,232,3,6,29,0,6,0,1,0,48.1,12.0
Tajae Sharpe,Chi,WR,0/0,0,0,0,0,0,0,25,230,0,37,0,0,0,48.0,3.4
Albert Wilson,FA,WR,0/1,0,0,0,4,17,0,25,213,0,39,0,0,0,48.0,4.4
Trey Lance,SF,QB,57/85,638,5,2,9,28,0,0,0,0,0,0,0,0,46.32,11.6
Damiere Byrd,Atl,WR,0/0,0,0,0,72,253,1,12,65,0,21,0,2,0,45.8,4.2
Chris Conley,Hou,WR,0/0,0,0,0,3,32,0,13,173,2,22,0,0,0,45.5,2.7
Hayden Hurst,Cin,TE,0/0,0,0,0,88,249,1,4,45,1,5,0,0,0,45.4,3.2
Adam Trautman,NO,TE,0/0,0,0,0,0,0,0,12,149,3,16,0,0,0,44.9,5.0
Jordan Howard,FA,RB,0/0,0,0,0,1,14,0,10,212,2,12,0,0,0,44.6,11.2
Harrison Bryant,Cle,TE,0/0,0,0,0,0,0,0,23,214,0,28,0,0,0,44.4,3.2
Travis Homer,Sea,RB,88/132,953,5,8,5,-1,0,0,0,0,0,0,0,0,44.02,11.0
Josiah Deguara,GB,TE,0/0,0,0,0,26,125,1,7,72,2,9,0,1,0,42.7,5.3
Damien Williams,Atl,RB,0/0,0,0,0,35,185,1,9,84,0,12,0,0,0,41.9,4.7
Mack Hollins,LV,WR,0/0,0,0,0,1,3,0,24,214,0,33,0,2,0,41.7,3.2
DeeJay Dallas,Sea,RB,0/0,0,0,0,0,0,0,16,193,1,17,0,0,0,41.3,8.3
Colt McCoy,Ari,QB,74/99,740,3,1,22,37,0,0,0,0,0,0,1,0,41.3,5.2
John Ross,FA,WR,0/0,0,0,0,1,16,0,11,224,1,20,0,0,0,41.0,4.6
Isaiah Ford,FA,WR,0/0,0,0,0,0,0,0,12,161,2,17,0,0,0,40.1,3.3
Jakeem Grant Sr.,Cle,WR,0/0,0,0,0,5,33,0,11,132,2,17,0,3,1,39.5,2.6
Tyler Kroft,FA,TE,0/0,0,0,0,0,0,0,16,173,1,25,0,0,0,39.3,4.4
Salvon Ahmed,Mia,RB,0/0,0,0,0,54,149,0,12,117,0,19,0,0,0,38.6,3.5
Kendall Hinton,Den,WR,1/1,1,0,0,0,0,0,15,175,1,23,0,0,0,38.54,3.0
Stephen Anderson,Ari,TE,0/0,0,0,0,0,0,0,16,165,1,19,0,0,0,38.5,3.0
Le'Veon Bell,FA,RB,0/0,0,0,0,39,101,2,5,30,1,7,0,0,0,38.1,4.8
Pharaoh Brown,Hou,TE,0/0,0,0,0,0,0,0,23,171,0,34,0,1,0,38.1,2.9
Ian Thomas,Car,TE,0/0,0,0,0,0,0,0,18,188,0,30,0,0,0,36.8,2.5
Ke'Shawn Vaughn,TB,RB,0/0,0,0,0,36,180,2,4,26,0,8,0,0,0,36.6,6.1
James Proche II,Bal,WR,0/0,0,0,0,0,0,0,16,202,0,20,0,0,0,36.2,5.2
Jerick McKinnon,FA,RB,0/0,0,0,0,12,62,0,13,107,1,20,0,0,0,35.9,3.6
Elijhaa Penny,FA,RB,0/0,0,0,0,24,99,1,9,30,1,13,0,0,0,35.9,2.6
Zach Gentry,Pit,TE,0/0,0,0,0,0,0,0,19,167,0,25,0,0,0,35.7,3.6
Brock Wright,Det,TE,0/0,0,0,0,0,0,0,12,117,2,17,0,0,0,35.7,4.5
Craig Reynolds,Det,RB,0/0,0,0,0,55,230,0,7,52,0,8,0,0,0,35.2,7.0
JuJu Smith-Schuster,KC,WR,0/0,0,0,0,3,9,1,15,129,0,28,0,0,0,34.8,7.0
Royce Freeman,Hou,RB,0/0,0,0,0,56,169,0,10,77,0,16,0,0,0,34.6,2.9
Greg Ward,Phi,WR,1/2,2,0,0,0,0,0,7,95,3,11,0,0,0,34.58,3.5
Noah Brown,Dal,WR,0/0,0,0,0,0,0,0,16,184,0,25,0,0,0,34.4,3.1
DJ Chark Jr.,Det,WR,0/0,0,0,0,0,0,0,7,154,2,22,0,0,0,34.4,11.5
Gardner Minshew,Phi,QB,41/60,439,4,1,9,21,0,0,0,0,0,0,0,0,33.66,8.4
O.J. Howard,Buf,TE,0/0,0,0,0,0,0,0,14,135,1,21,0,0,0,33.5,2.8
Anthony Schwartz,Cle,WR,0/0,0,0,0,6,39,0,10,135,1,23,0,0,0,33.4,2.4
Breshad Perriman,TB,WR,0/0,0,0,0,1,-3,0,11,167,1,18,0,0,0,33.4,6.7
C.J. Ham,Min,RB,0/0,0,0,0,7,34,0,17,125,0,18,0,0,0,32.9,2.2
Terrace Marshall Jr.,Car,WR,0/0,0,0,0,0,0,0,17,138,0,30,0,0,0,32.8,2.7
Mohamed Sanu Sr.,FA,WR,0/0,0,0,0,0,0,0,15,177,0,24,0,0,0,32.7,4.1
Blake Jarwin,Dal,TE,0/0,0,0,0,0,0,0,11,96,2,18,0,0,0,32.6,4.7
Eric Ebron,FA,TE,0/0,0,0,0,1,1,1,12,84,1,18,0,0,0,32.5,4.1
Parris Campbell,Ind,WR,0/0,0,0,0,0,0,0,10,162,1,20,0,0,0,32.2,5.4
James White,NE,RB,0/0,0,0,0,10,38,1,12,94,0,14,0,0,0,31.2,10.4
Mike Glennon,FA,QB,90/167,790,4,10,7,33,1,0,0,0,0,0,3,0,30.9,5.2
KhaDarel Hodge,Atl,WR,0/0,0,0,0,0,0,0,13,157,0,27,0,0,0,30.7,2.4
Ty Montgomery,NE,WR,0/0,0,0,0,15,44,0,16,95,0,26,0,0,0,29.9,2.3
Corey Clement,FA,RB,0/0,0,0,0,33,140,0,6,29,1,7,0,0,0,28.9,2.6
Josh Johnson,Den,QB,47/72,462,3,1,12,22,0,0,0,0,0,0,1,0,28.68,5.7
Carlos Hyde,Jax,RB,0/0,0,0,0,0,0,0,5,116,2,6,0,0,0,28.6,4.1
Ashton Dulin,Ind,WR,0/0,0,0,0,0,0,0,12,184,0,22,0,1,0,28.4,2.8
Phillip Lindsay,FA,RB,0/0,0,0,0,41,167,1,3,26,0,4,0,0,0,28.3,4.7
Malik Turner,SF,WR,0/0,0,0,0,4,59,0,10,64,1,20,0,0,0,28.3,3.1
Cyril Grayson,TB,WR,0/0,0,0,0,0,0,0,9,133,1,15,0,0,0,28.3,4.0
Marcedes Lewis,GB,TE,0/0,0,0,0,1,-4,0,12,165,0,25,0,0,0,28.1,2.6
Mike White,NYJ,QB,0/0,0,0,0,34,118,1,6,42,0,7,0,0,0,28.0,3.1
Matt Breida,NYG,RB,0/0,0,0,0,18,118,1,7,60,0,10,0,2,0,26.8,1.8
Adrian Peterson,FA,RB,0/0,0,0,0,38,98,2,4,8,0,4,0,0,0,26.6,6.7
Jermar Jefferson,Det,RB,0/0,0,0,0,15,74,2,4,23,0,5,0,0,0,25.7,6.4
Dante Pettis,Chi,WR,1/1,16,0,0,0,0,0,10,87,1,16,0,0,0,25.34,8.4
Marcus Johnson,SF,WR,0/0,0,0,0,2,-2,0,9,160,0,19,0,0,0,24.8,3.5
Alec Ingold,Mia,RB,0/0,0,0,0,2,1,0,10,85,1,12,0,0,0,24.6,3.5
Tim Boyle,Det,QB,61/94,526,3,6,2,13,0,0,0,0,0,0,0,0,24.34,4.9
Ben Skowronek,LAR,WR,0/0,0,0,0,0,0,0,11,133,0,20,0,0,0,24.3,2.0
Cooper Rush,Dal,QB,30/47,422,3,1,9,-8,0,0,0,0,0,0,1,0,24.08,6.0
Joe Flacco,NYJ,QB,27/42,338,3,0,2,3,0,0,0,0,0,0,1,0,23.82,11.9
Trent Sherfield,Mia,WR,0/0,0,0,0,0,0,0,9,87,1,20,0,0,0,23.7,2.0
Jalen Richard,FA,RB,0/0,0,0,0,9,40,0,12,72,0,14,0,0,0,23.2,2.6
Kene Nwangwu,Min,RB,0/0,0,0,0,13,61,0,4,9,0,5,0,0,2,23.0,2.6
Adam Shaheen,Mia,TE,0/0,0,0,0,0,0,0,12,110,0,16,0,0,0,23.0,2.3
Malcolm Brown,FA,RB,0/0,0,0,0,33,125,1,3,10,0,5,0,0,0,22.5,3.8
Tony Jones Jr.,NO,RB,0/0,0,0,0,54,142,0,5,29,0,8,0,0,0,22.1,2.0
Jody Fortson,KC,TE,0/0,0,0,0,0,0,0,5,47,2,5,0,0,0,21.7,5.4
Kylen Granson,Ind,TE,0/0,0,0,0,0,0,0,11,106,0,15,0,0,0,21.6,1.7
Collin Johnson,NYG,WR,0/0,0,0,0,0,0,0,11,105,0,21,0,0,0,21.5,2.4
Lee Smith,FA,TE,0/0,0,0,0,0,0,0,9,65,1,11,0,0,0,21.5,2.2
Denzel Mims,NYJ,WR,0/0,0,0,0,0,0,0,8,133,0,23,0,0,0,21.3,2.1
Jordan Love,GB,QB,36/62,411,2,3,12,27,0,0,0,0,0,0,1,0,21.14,3.5
Patrick Ricard,Bal,RB,0/0,0,0,0,2,4,0,8,63,1,13,0,0,0,20.7,2.6
Jonathan Williams,Wsh,RB,0/0,0,0,0,17,79,1,4,28,0,6,0,0,0,20.7,4.1
Jacob Hollister,LV,TE,0/0,0,0,0,0,0,0,9,55,1,14,0,0,0,20.5,2.9
Trinity Benson,Det,WR,0/0,0,0,0,0,0,0,10,103,0,22,0,0,0,20.3,2.9
Equanimeous St. Brown,Chi,WR,0/0,0,0,0,3,14,0,9,98,0,17,0,0,0,20.2,1.7
Kristian Wilkerson,NE,WR,0/0,0,0,0,0,0,0,4,42,2,8,0,0,0,20.2,10.1
Qadree Ollison,Atl,RB,0/0,0,0,0,21,105,1,4,12,0,6,0,1,0,19.7,2.8
Tommy Sweeney,Buf,TE,0/0,0,0,0,0,0,0,9,44,1,12,0,0,0,19.4,2.8
Jeff Smith,NYJ,WR,0/0,0,0,0,1,-1,0,8,113,0,17,0,0,0,19.2,2.1
Jesse James,FA,TE,0/0,0,0,0,0,0,0,7,62,1,8,0,0,0,19.2,3.2
Drew Sample,Cin,TE,0/0,0,0,0,0,0,0,11,81,0,15,0,0,0,19.1,1.9
Scotty Miller,TB,WR,0/0,0,0,0,2,43,1,5,38,0,9,0,0,0,19.1,3.2
Chris Manhertz,Jax,TE,0/0,0,0,0,0,0,0,6,71,1,9,0,0,0,19.1,1.9
Austin Walter,FA,RB,0/0,0,0,0,26,101,1,2,9,0,3,0,0,0,19.0,4.8
Kenny Stills,FA,WR,0/0,0,0,0,1,1,0,6,68,1,23,0,0,0,18.9,2.4
Blake Bell,KC,TE,0/0,0,0,0,4,10,0,9,87,0,13,0,0,0,18.7,1.4
Eric Saubert,Den,TE,0/0,0,0,0,0,0,0,8,47,1,12,0,0,0,18.7,1.7
J.J. Taylor,NE,RB,0/0,0,0,0,19,37,2,4,8,0,4,0,1,0,18.5,3.7
Tom Kennedy,Det,WR,1/1,75,1,0,0,0,0,6,54,0,10,0,0,0,18.4,2.6
Mason Rudolph,Pit,QB,35/58,277,1,1,5,53,0,0,0,0,0,0,0,0,18.38,9.2
Case Keenum,Buf,QB,0/0,0,0,0,1,0,0,7,110,0,14,0,0,0,18.0,3.6
Ihmir Smith-Marsette,Min,WR,0/0,0,0,0,9,31,0,9,56,0,10,0,0,0,17.7,1.3
N'Keal Harry,NE,WR,0/0,0,0,0,23,89,1,2,3,0,2,0,0,0,17.2,2.9
Trey Sermon,SF,RB,0/0,0,0,0,33,102,0,5,38,0,6,0,1,0,17.0,1.9
Dee Eskridge,Sea,WR,24/35,250,1,0,4,8,0,0,0,0,0,0,0,0,16.8,16.8
Nick Vannett,NO,TE,0/0,0,0,0,0,0,0,10,68,0,15,0,0,0,16.8,1.1
Dyami Brown,Wsh,WR,0/0,0,0,0,0,0,0,7,36,1,10,0,0,0,16.6,1.8
Eno Benjamin,Ari,RB,0/0,0,0,0,1,-3,0,6,104,0,11,0,0,0,16.1,3.2
Godwin Igwebuike,Det,RB,0/0,0,0,0,0,0,0,2,21,2,3,0,0,0,16.1,4.0
Adrian Peterson,FA,RB,0/0,0,0,0,0,0,0,5,49,1,8,0,0,0,15.9,4.0
Jermar Jefferson,Det,RB,0/0,0,0,0,0,0,0,5,47,1,5,0,0,0,15.7,2.6
Dante Pettis,Chi,WR,0/0,0,0,0,36,87,1,1,-1,0,2,0,0,0,15.6,1.4
Marcus Johnson,SF,WR,0/0,0,0,0,0,0,0,9,66,0,15,0,0,0,15.6,1.3
Dax Milne,Wsh,WR,0/0,0,0,0,1,1,0,9,83,0,14,0,1,0,15.4,1.5
Ross Dwelley,SF,TE,0/0,0,0,0,0,0,0,4,51,1,5,0,0,0,15.1,2.2
Marcus Mariota,Atl,QB,1/2,4,0,0,13,87,1,0,0,0,0,0,0,0,14.86,2.1
Michael Burton,KC,RB,0/0,0,0,0,8,26,1,3,31,0,3,0,0,0,14.7,1.3
Anthony Miller,Pit,WR,0/0,0,0,0,0,0,0,6,25,1,12,0,0,0,14.5,4.8
Josh Gordon,KC,WR,0/0,0,0,0,0,0,0,5,32,1,14,0,0,0,14.2,1.6
Chris Hogan,NO,WR,0/0,0,0,0,0,0,0,4,41,1,8,0,0,0,14.1,2.8
Chris Herndon,FA,TE,0/0,0,0,0,0,0,0,4,40,1,7,0,0,0,14.0,1.8
Jason Cabinda,Det,RB,0/0,0,0,0,3,23,0,4,16,1,7,0,0,0,13.9,1.5
Brandon Allen,Cin,QB,17/34,149,2,0,7,-1,0,0,0,0,0,0,0,0,13.86,2.8
Preston Williams,Mia,WR,0/0,0,0,0,1,7,0,6,71,0,16,0,0,0,13.8,2.0
P.J. Walker,Car,QB,36/66,362,1,3,7,13,0,0,0,0,0,0,1,0,13.78,2.8
Wayne Gallman,FA,RB,0/0,0,0,0,28,104,0,1,21,0,3,0,0,0,13.5,1.7
Benny Snell Jr.,Pit,RB,0/0,0,0,0,36,98,0,2,13,0,4,0,0,0,13.1,0.8
Sean Mannion,Min,QB,22/36,189,1,0,2,14,0,0,0,0,0,0,0,0,12.96,13.0
Marlon Mack,Hou,RB,0/0,0,0,0,28,101,0,2,8,0,5,0,0,0,12.9,2.6
Auden Tate,Atl,WR,0/0,0,0,0,0,0,0,3,39,1,4,0,0,0,12.9,3.2
Penny Hart,Sea,WR,0/0,0,0,0,0,0,0,7,59,0,12,0,0,0,12.9,1.0
Sean McKeon,Dal,TE,0/0,0,0,0,0,0,0,4,27,1,6,0,0,0,12.7,1.6
Luke Farrell,Jax,TE,0/0,0,0,0,0,0,0,7,56,0,11,0,0,0,12.6,1.3
Ryquell Armstead,Jax,RB,0/0,0,0,0,15,80,0,3,16,0,4,0,0,0,12.6,6.3
KJ Hamler,Den,WR,0/0,0,0,0,0,0,0,5,74,0,10,0,0,0,12.4,4.1
Brian Hoyer,NE,QB,9/11,227,1,0,11,-8,0,0,0,0,0,0,0,0,12.28,2.5
Juwann Winfree,GB,WR,0/0,0,0,0,0,0,0,8,58,0,13,0,1,0,11.8,2.4
Jaelon Darden,TB,WR,0/0,0,0,0,1,11,0,6,43,0,12,0,0,0,11.4,1.3
Tyree Jackson,Phi,TE,0/0,0,0,0,0,0,0,3,22,1,7,0,0,0,11.2,2.2
Cameron Batson,FA,WR,0/0,0,0,0,2,15,0,2,15,1,5,0,0,0,11.0,2.8
Jake Fromm,FA,QB,27/60,210,1,3,8,65,0,0,0,0,0,0,1,0,10.9,3.6
Chris Myarick,NYG,TE,0/0,0,0,0,0,0,0,3,17,1,6,0,0,0,10.7,1.8
Tre' McKitty,LAC,TE,0/0,0,0,0,0,0,0,6,45,0,8,0,0,0,10.5,1.8
Ja'Marcus Bradley,Cle,WR,0/0,0,0,0,0,0,0,4,64,0,4,0,0,0,10.4,2.1
Mike Thomas,Cin,WR,0/0,0,0,0,0,0,0,5,52,0,11,0,0,0,10.2,1.1
Charlie Woerner,SF,TE,0/0,0,0,0,0,0,0,5,52,0,6,0,0,0,10.2,1.0
Dezmon Patmon,Ind,WR,0/0,0,0,0,0,0,0,2,21,1,4,0,0,0,10.1,2.0
Andy Janovich,Hou,RB,0/0,0,0,0,2,0,1,3,9,0,4,0,0,0,9.9,1.2
Nick Mullens,LV,QB,20/30,147,1,0,0,0,0,0,0,0,0,0,0,0,9.88,9.9
Curtis Samuel,Wsh,WR,0/0,0,0,0,4,11,0,6,27,0,9,0,0,0,9.8,2.0
Phillip Dorsett II,Hou,WR,0/0,0,0,0,0,0,0,5,48,0,5,0,0,0,9.8,9.8
Keith Smith,Atl,RB,0/0,0,0,0,9,33,0,3,34,0,4,0,0,0,9.7,1.1
Patrick Taylor,GB,RB,0/0,0,0,0,1,6,0,4,51,0,6,0,0,0,9.7,1.6
Joshua Kelley,LAC,RB,0/0,0,0,0,1,11,0,4,45,0,8,0,0,0,9.6,0.6
Nick Foles,FA,QB,0/0,0,0,0,0,0,0,5,43,0,6,0,0,0,9.3,1.9
Dede Westbrook,FA,WR,0/0,0,0,0,5,21,0,1,1,1,1,0,0,0,9.2,1.0
Noah Gray,KC,TE,0/0,0,0,0,3,5,0,2,7,1,2,0,0,0,9.2,3.1
Shi Smith,Car,WR,0/0,0,0,0,13,31,1,0,0,0,0,0,0,0,9.1,1.8
JaQuan Hardy,Dal,RB,0/0,0,0,0,4,29,1,0,0,0,0,0,0,0,8.9,4.5
Wendell Smallwood,FA,RB,0/0,0,0,0,5,25,0,4,22,0,5,0,0,0,8.7,2.9
Jason Moore,LAC,WR,0/0,0,0,0,0,0,0,3,56,0,4,0,0,0,8.6,8.6
William Fuller V,FA,WR,0/0,0,0,0,0,0,0,4,26,0,8,0,0,0,8.6,4.3
Alex Erickson,Wsh,WR,0/0,0,0,0,0,0,0,3,55,0,4,0,0,0,8.5,0.5
Andre Roberts,Car,WR,0/0,0,0,0,3,19,0,1,35,0,2,0,2,1,8.4,0.5
Cody White,Pit,WR,0/0,0,0,0,0,0,0,5,33,0,6,0,0,0,8.3,0.9
Jakob Johnson,LV,RB,0/0,0,0,0,0,0,0,4,43,0,5,0,0,0,8.3,1.2
Colby Parkinson,Sea,TE,0/0,0,0,0,0,0,0,5,33,0,8,0,0,0,8.3,1.4
Darren Fells,TB,TE,0/0,0,0,0,0,0,0,4,43,0,5,0,0,0,8.3,2.1
Mitch Trubisky,Pit,QB,6/8,43,0,1,13,24,1,0,0,0,0,0,0,0,8.12,1.6
Kyle Allen,Hou,QB,12/19,120,1,0,2,11,0,0,0,0,0,0,1,0,7.9,4.0
Garrett Griffin,Det,TE,0/0,0,0,0,0,0,0,4,39,0,4,0,0,0,7.9,1.6
Willie Snead IV,FA,WR,0/0,0,0,0,0,0,0,4,38,0,8,0,0,0,7.8,1.1
Garrett Gilbert,LV,QB,20/31,194,0,0,0,0,0,0,0,0,0,0,0,0,7.76,7.8
Mike Boone,Den,RB,0/0,0,0,0,4,35,0,2,22,0,2,0,0,0,7.7,1.3
Kendall Blanton,LAR,TE,0/0,0,0,0,0,0,0,4,37,0,7,0,0,0,7.7,1.1
Pharoh Cooper,FA,WR,0/0,0,0,0,1,3,0,4,33,0,11,0,0,0,7.6,1.0
Tyler Davis,GB,TE,0/0,0,0,0,0,0,0,4,35,0,5,0,0,0,7.5,0.8
Cody Hollister,Ten,WR,0/0,0,0,0,0,0,0,4,33,0,7,0,0,0,7.3,2.4
Greg Dortch,Ari,WR,0/0,0,0,0,1,24,0,3,15,0,3,0,0,0,6.9,1.4
D.J. Montgomery,NYJ,WR,0/0,0,0,0,0,0,0,3,36,0,6,0,0,0,6.6,2.2
Trayveon Williams,Cin,RB,0/0,0,0,0,15,51,0,1,4,0,2,0,0,0,6.5,1.6
Trevon Wesco,NYJ,RB,0/0,0,0,0,0,0,0,3,35,0,5,0,0,0,6.5,1.1
Christian Blake,FA,WR,0/0,0,0,0,0,0,0,4,25,0,9,0,0,0,6.5,0.8
Shane Zylstra,Det,TE,0/0,0,0,0,0,0,0,3,34,0,7,0,0,0,6.4,3.2
Kalen Ballage,FA,RB,0/0,0,0,0,12,36,0,2,8,0,7,0,0,0,6.4,0.6
Ito Smith,FA,RB,0/0,0,0,0,1,4,1,0,0,0,0,0,0,0,6.4,6.4
Kaden Smith,NYG,TE,0/0,0,0,0,0,0,0,3,33,0,3,0,0,0,6.3,1.6
Jack Stoll,Phi,TE,0/0,0,0,0,0,0,0,4,22,0,5,0,0,0,6.2,1.0
Trent Taylor,Cin,WR,0/0,0,0,0,0,0,0,2,41,0,3,0,0,0,6.1,1.5
Jeremy Sprinkle,Dal,TE,0/0,0,0,0,0,0,0,3,31,0,3,0,0,0,6.1,1.0
Tommy Hudson,Ten,TE,0/0,0,0,0,0,0,0,3,31,0,6,0,0,0,6.1,1.5
Gunner Olszewski,Pit,WR,0/0,0,0,0,1,9,0,2,31,0,3,0,0,0,6.0,0.4
Brandon Powell,LAR,WR,0/0,0,0,0,0,0,0,0,0,0,0,0,0,1,6.0,1.0
KJ Hill Jr.,FA,WR,0/0,0,0,0,0,0,0,3,30,0,3,0,0,0,6.0,1.0
Reggie Gilliam,Buf,RB,0/0,0,0,0,3,3,0,3,23,0,5,0,0,0,5.6,0.6
J.J. Arcega-Whiteside,Phi,TE,0/0,0,0,0,0,0,0,2,36,0,5,0,0,0,5.6,0.6
Kenny Yeboah,NYJ,TE,0/0,0,0,0,0,0,0,2,36,0,3,0,0,0,5.6,1.4
Gabe Nabers,LAC,RB,0/0,0,0,0,3,8,0,3,17,0,3,0,0,0,5.5,0.7
Trenton Irwin,Cin,WR,0/0,0,0,0,0,0,0,2,34,0,5,0,0,0,5.4,1.1
Dominique Dafney,GB,TE,0/0,0,0,0,0,0,0,2,34,0,4,0,0,0,5.4,0.9
Rodney Smith,FA,RB,0/0,0,0,0,5,9,0,3,14,0,4,0,0,0,5.3,1.8
Jonathan Ward,Ari,RB,0/0,0,0,0,13,51,0,0,0,0,1,0,0,0,5.1,5.1
C.J. Board,NYG,WR,0/0,0,0,0,3,5,0,3,16,0,3,0,0,0,5.1,0.9
Amari Rodgers,GB,WR,0/0,0,0,0,1,4,0,3,17,0,3,0,0,0,5.1,1.7
Parker Hesse,Atl,TE,0/0,0,0,0,0,0,0,2,29,0,2,0,0,0,4.9,1.2
Alex Armah,Wsh,RB,0/0,0,0,0,4,16,0,2,12,0,2,0,0,0,4.8,0.4
Johnny Stanton,Cle,RB,0/0,0,0,0,0,0,0,2,28,0,6,0,0,0,4.8,0.6
Deon Jackson,Ind,RB,0/0,0,0,0,0,0,0,1,38,0,5,0,0,0,4.8,1.2
JaQuan Hardy,Dal,RB,0/0,0,0,0,0,0,0,3,17,0,7,0,0,0,4.7,1.6
Wendell Smallwood,FA,RB,0/0,0,0,0,1,1,0,3,15,0,3,0,0,0,4.6,0.3
Jason Moore,LAC,WR,0/0,0,0,0,0,0,0,2,26,0,3,0,0,0,4.6,2.3
William Fuller V,FA,WR,0/0,0,0,0,0,0,0,3,16,0,5,0,0,0,4.6,0.9
Seth Williams,Den,WR,0/0,0,0,0,0,0,0,1,34,0,1,0,0,0,4.4,2.2
Marcus Kemp,FA,WR,0/0,0,0,0,0,0,0,2,24,0,5,0,0,0,4.4,0.3
Tylan Wallace,Bal,WR,0/0,0,0,0,0,0,0,2,23,0,6,0,0,0,4.3,0.4
Dazz Newsome,Chi,WR,0/0,0,0,0,0,0,0,2,23,0,5,0,0,0,4.3,1.4
Cam Akers,LAR,RB,0/0,0,0,0,5,3,0,3,10,0,3,0,0,0,4.3,4.3
Scottie Phillips,FA,RB,0/0,0,0,0,6,13,0,2,9,0,3,0,0,0,4.2,2.1
Demetrius Harris,FA,TE,0/0,0,0,0,0,0,0,3,10,0,6,0,0,0,4.0,0.4
Kylin Hill,GB,RB,0/0,0,0,0,10,24,0,1,5,0,2,0,0,0,3.9,0.5
Darrynton Evans,Chi,RB,0/0,0,0,0,2,7,0,2,11,0,2,0,0,0,3.8,3.8
David Sills V,NYG,WR,0/0,0,0,0,0,0,0,2,17,0,6,0,0,0,3.7,0.9
Tyron Johnson,LV,WR,0/0,0,0,0,0,0,0,2,16,0,5,0,0,0,3.6,0.4
Reggie Bonnafon,Wsh,RB,0/0,0,0,0,1,4,0,2,12,0,2,0,0,0,3.6,1.8
Cethan Carter,Mia,TE,0/0,0,0,0,0,0,0,2,16,0,2,0,0,0,3.6,0.4
Trey Ragas,FA,RB,0/0,0,0,0,1,9,0,2,6,0,2,0,0,0,3.5,3.5
Tyrell Williams,FA,WR,0/0,0,0,0,0,0,0,2,14,0,3,0,0,0,3.4,3.4
Stanley Morgan,Cin,WR,0/0,0,0,0,1,3,0,2,11,0,4,0,0,0,3.4,0.3
Derek Carrier,FA,TE,0/0,0,0,0,0,0,0,2,13,0,2,0,0,0,3.3,1.7
Chad Henne,KC,QB,11/16,82,0,0,8,0,0,0,0,0,0,0,0,0,3.28,0.8
Luke Stocker,FA,TE,0/0,0,0,0,0,0,0,2,12,0,2,0,0,0,3.2,0.5
La'Mical Perine,NYJ,RB,0/0,0,0,0,8,31,0,0,0,0,0,0,0,0,3.1,1.6
Richard Rodgers,Phi,TE,0/0,0,0,0,0,0,0,2,11,0,2,0,0,0,3.1,3.1
C.J. Saunders,Car,WR,0/0,0,0,0,0,0,0,2,11,0,2,0,0,0,3.1,3.1
Nick Bawden,NYJ,RB,0/0,0,0,0,0,0,0,1,20,0,1,0,0,0,3.0,0.6
Jaydon Mickens,FA,WR,0/0,0,0,0,0,0,0,2,10,0,3,0,0,0,3.0,0.3
Kevin Rader,Pit,TE,0/0,0,0,0,0,0,0,2,8,0,3,0,0,0,2.8,0.7
Ethan Wolf,NO,TE,0/0,0,0,0,0,0,0,2,8,0,2,0,0,0,2.8,1.4
Davion Davis,Hou,WR,0/0,0,0,0,0,0,0,1,17,0,3,0,0,0,2.7,1.4
Anthony McFarland Jr.,Pit,RB,0/0,0,0,0,3,3,0,1,11,0,1,0,0,0,2.4,1.2
Frank Darby,Atl,WR,0/0,0,0,0,0,0,0,1,14,0,4,0,0,0,2.4,0.5
Andy Isabella,Ari,WR,0/0,0,0,0,0,0,0,1,13,0,1,0,0,0,2.3,0.4
Kirk Merritt,NO,WR,0/0,0,0,0,0,0,0,1,13,0,3,0,0,0,2.3,1.2
Chris Streveler,Mia,QB,6/9,36,0,0,3,6,0,0,0,0,0,0,0,0,2.04,1.0
Ian Book,NO,QB,12/20,135,0,2,3,6,0,0,0,0,0,0,0,0,2.0,2.0
Raheem Mostert,Mia,RB,0/0,0,0,0,2,20,0,0,0,0,0,0,0,0,2.0,2.0
Gary Brightwell,NYG,RB,0/0,0,0,0,1,4,0,1,6,0,1,0,0,0,2.0,0.3
Tarik Black,NYJ,WR,0/0,0,0,0,0,0,0,1,10,0,2,0,0,0,2.0,2.0
Marvin Hall,FA,WR,0/0,0,0,0,0,0,0,1,10,0,1,0,0,0,2.0,2.0
Blaine Gabbert,TB,QB,7/11,67,0,0,9,-7,0,0,0,0,0,0,0,0,1.98,0.3
Jaylen Samuels,Ari,RB,0/0,0,0,0,0,0,0,1,9,0,1,0,0,0,1.9,0.6
Jason Huntley,Phi,RB,0/0,0,0,0,0,0,0,1,9,0,1,0,0,0,1.9,1.0
Adam Prentice,NO,RB,0/0,0,0,0,0,0,0,1,8,0,3,0,0,0,1.8,0.5
Patrick Laird,FA,RB,0/0,0,0,0,1,4,0,1,4,0,1,0,0,0,1.8,0.5
Daniel Brown,FA,TE,0/0,0,0,0,0,0,0,1,7,0,2,0,0,0,1.7,0.2
Dwayne Washington,NO,RB,0/0,0,0,0,0,0,0,1,7,0,2,0,0,0,1.7,0.9
Jake Kumerow,Buf,WR,0/0,0,0,0,0,0,0,1,6,0,1,0,0,0,1.6,0.4
Kevin White,NO,WR,2/2,33,0,0,1,2,0,0,0,0,0,0,0,0,1.52,0.8
Keith Kirkwood,FA,WR,0/0,0,0,0,0,0,0,1,5,0,1,0,0,0,1.5,0.8
Derek Watt,Pit,RB,0/0,0,0,0,0,0,0,1,5,0,1,0,0,0,1.5,0.5
Mike Strachan,Ind,WR,0/0,0,0,0,0,0,0,2,14,0,3,0,1,0,1.4,0.2
Mitchell Wilcox,Cin,TE,0/0,0,0,0,0,0,0,1,4,0,1,0,0,0,1.4,0.1
Seth Williams,Den,WR,0/0,0,0,0,1,-3,0,1,7,0,1,0,0,0,1.4,1.4
Marcus Kemp,FA,WR,0/0,0,0,0,2,13,0,0,0,0,0,0,0,0,1.3,0.7
Tylan Wallace,Bal,WR,0/0,0,0,0,2,12,0,0,0,0,0,0,0,0,1.2,1.2
Dazz Newsome,Chi,WR,0/0,0,0,0,0,0,0,1,2,0,2,0,0,0,1.2,0.3
Cam Akers,LAR,RB,0/0,0,0,0,5,11,0,0,0,0,1,0,0,0,1.1,0.2
Scottie Phillips,FA,RB,0/0,0,0,0,5,11,0,0,0,0,0,0,0,0,1.1,0.2
Demetrius Harris,FA,TE,0/0,0,0,0,3,6,0,2,4,0,2,0,1,0,1.0,0.1
Kylin Hill,GB,RB,0/0,0,0,0,0,0,0,1,0,0,1,0,0,0,1.0,1.0
Darrynton Evans,Chi,RB,0/0,0,0,0,0,0,0,1,0,0,4,0,0,0,1.0,0.1
David Sills V,NYG,WR,0/0,0,0,0,3,9,0,0,0,0,0,0,0,0,0.9,0.3
Tyron Johnson,LV,WR,0/0,0,0,0,0,0,0,1,-1,0,2,0,0,0,0.9,0.2
Reggie Bonnafon,Wsh,RB,0/0,0,0,0,0,0,0,2,8,0,6,0,1,0,0.8,0.1
Cethan Carter,Mia,TE,3/6,13,0,0,1,2,0,0,0,0,0,0,0,0,0.72,0.7
Trey Ragas,FA,RB,0/0,0,0,0,3,7,0,0,0,0,0,0,0,0,0.7,0.2
Tyrell Williams,FA,WR,0/0,0,0,0,1,6,0,0,0,0,0,0,0,0,0.6,0.6
Jake Funk,LAR,RB,0/0,0,0,0,2,5,0,0,0,0,0,0,0,0,0.5,0.1
Maurice Ffrench,LAC,WR,0/0,0,0,0,1,3,0,0,0,0,0,0,0,0,0.3,0.2
Nathan Cottrell,Jax,RB,0/0,0,0,0,1,3,0,0,0,0,0,0,0,0,0.3,0.1
Kellen Mond,Min,QB,2/3,5,0,0,0,0,0,0,0,0,0,0,0,0,0.2,0.2
Nathan Peterman,Chi,QB,0/0,0,0,0,2,2,0,0,0,0,0,0,0,0,0.2,0.2
J.K. Dobbins,Bal,RB,--/--,--,--,--,--,--,--,--,--,--,--,--,--,--,--,--
Michael Thomas,NO,WR,--/--,--,--,--,--,--,--,--,--,--,--,--,--,--,--,--
Travis Etienne Jr.,Jax,RB,--/--,--,--,--,--,--,--,--,--,--,--,--,--,--,--,--
Deshaun Watson,Cle,QB,--/--,--,--,--,--,--,--,--,--,--,--,--,--,--,--,--
Irv Smith Jr.,Min,TE,--/--,--,--,--,--,--,--,--,--,--,--,--,--,--,--,--
Gus Edwards,Bal,RB,--/--,--,--,--,--,--,--,--,--,--,--,--,--,--,--,--
Tutu Atwell,LAR,WR,0/0,0,0,0,0,0,0,0,0,0,0,0,0,0,0.0,0.0
Kyle Trask,TB,QB,--/--,--,--,--,--,--,--,--,--,--,--,--,--,--,--,--
Trace McSorley,Ari,QB,--/--,--,--,--,--,--,--,--,--,--,--,--,--,--,--,--
Tarik Cohen,FA,RB,--/--,--,--,--,--,--,--,--,--,--,--,--,--,--,--,--
Drew Brees,NO,QB,--/--,--,--,--,--,--,--,--,--,--,--,--,--,--,--,--
Rico Dowdle,Dal,RB,--/--,--,--,--,--,--,--,--,--,--,--,--,--,--,--,--
Julian Edelman,NE,WR,--/--,--,--,--,--,--,--,--,--,--,--,--,--,--,--,--
Kenjon Barner,TB,RB,0/0,0,0,0,4,0,0,0,0,0,0,0,0,0,0.0,0.0
Justice Hill,Bal,RB,--/--,--,--,--,--,--,--,--,--,--,--,--,--,--,--,--
Antonio Williams,NYG,RB,--/--,--,--,--,--,--,--,--,--,--,--,--,--,--,--,--
Jacob Harris,LAR,TE,--/--,--,--,--,--,--,--,--,--,--,--,--,--,--,--,--
Todd Gurley II,FA,RB,--/--,--,--,--,--,--,--,--,--,--,--,--,--,--,--,--
Brycen Hopkins,LAR,TE,0/0,0,0,0,0,0,0,1,9,0,1,0,0,0,--,--
Johnny Mundt,Min,TE,0/0,0,0,0,0,0,0,1,9,0,1,0,0,0,--,--
Hunter Long,Mia,TE,0/0,0,0,0,0,0,0,1,8,0,3,0,0,0,--,--
Ryan Nall,Dal,RB,0/0,0,0,0,1,4,0,1,4,0,1,0,0,0,--,--
Eric Tomlinson,Den,TE,0/0,0,0,0,0,0,0,1,7,0,2,0,0,0,--,--
Tommylee Lewis,FA,WR,0/0,0,0,0,0,0,0,1,7,0,2,0,0,0,--,--
Miles Boykin,Pit,WR,0/0,0,0,0,0,0,0,1,6,0,1,0,0,0,0.0,0.0
C.J. Beathard,Jax,QB,2/2,33,0,0,1,2,0,0,0,0,0,0,0,0,--,--
Keke Coutee,Ind,WR,0/0,0,0,0,0,0,0,1,5,0,1,0,0,0,0.0,0.0
Easop Winston Jr.,NO,WR,0/0,0,0,0,0,0,0,1,5,0,1,0,0,0,--,--
Malik Taylor,GB,WR,0/0,0,0,0,0,0,0,2,14,0,3,0,1,0,0.0,0.0
Nick Bellore,Sea,RB,0/0,0,0,0,0,0,0,1,4,0,1,0,0,0,--,--
Devine Ozigbo,FA,RB,0/0,0,0,0,1,-3,0,1,7,0,1,0,0,0,--,--
John Kelly,Cle,RB,0/0,0,0,0,2,13,0,0,0,0,0,0,0,0,--,--
Jacques Patrick,FA,RB,0/0,0,0,0,2,12,0,0,0,0,0,0,0,0,--,--
Nick Boyle,Bal,TE,0/0,0,0,0,0,0,0,1,2,0,2,0,0,0,--,--
Mekhi Sargent,Jax,RB,0/0,0,0,0,5,11,0,0,0,0,1,0,0,0,0.0,0.0
Buddy Howell,FA,RB,0/0,0,0,0,5,11,0,0,0,0,0,0,0,0,0.0,0.0
Khari Blasingame,Chi,RB,0/0,0,0,0,3,6,0,2,4,0,2,0,1,0,0.0,0.0
Deon Yelder,Ari,TE,--/--,--,--,--,--,--,--,--,--,--,--,--,--,--,--,--
Darrell Daniels,FA,TE,0/0,0,0,0,0,0,0,0,0,0,1,0,0,0,0.0,0.0
Sam Ehlinger,Ind,QB,0/0,0,0,0,0,0,0,0,0,0,0,0,0,0,0.0,0.0
Daniel Helm,Atl,TE,--/--,--,--,--,--,--,--,--,--,--,--,--,--,--,--,--
Racey McMath,Ten,WR,--/--,--,--,--,--,--,--,--,--,--,--,--,--,--,--,--
Ryan Fitzpatrick,FA,QB,--/--,--,--,--,--,--,--,--,--,--,--,--,--,--,--,--
Damarea Crockett,Den,RB,0/0,0,0,0,0,0,0,0,0,0,2,0,0,0,0.0,0.0
David Blough,Det,QB,--/--,--,--,--,--,--,--,--,--,--,--,--,--,--,--,--
Jake Funk,LAR,RB,--/--,--,--,--,--,--,--,--,--,--,--,--,--,--,--,--
Maurice Ffrench,LAC,WR,--/--,--,--,--,--,--,--,--,--,--,--,--,--,--,--,--
Nathan Cottrell,Jax,RB,0/0,0,0,0,0,0,0,0,0,0,1,0,0,0,0.0,0.0
Kellen Mond,Min,QB,--/--,--,--,--,--,--,--,--,--,--,--,--,--,--,--,--
Nathan Peterman,Chi,QB,--/--,--,--,--,--,--,--,--,--,--,--,--,--,--,--,--
J.K. Dobbins,Bal,RB,--/--,--,--,--,--,--,--,--,--,--,--,--,--,--,--,--
Michael Thomas,NO,WR,0/0,0,0,0,0,0,0,0,0,0,0,0,0,0,0.0,0.0
Travis Etienne Jr.,Jax,RB,--/--,--,--,--,--,--,--,--,--,--,--,--,--,--,--,--
Deshaun Watson,Cle,QB,--/--,--,--,--,--,--,--,--,--,--,--,--,--,--,--,--
Irv Smith Jr.,Min,TE,--/--,--,--,--,--,--,--,--,--,--,--,--,--,--,--,--
Gus Edwards,Bal,RB,--/--,--,--,--,--,--,--,--,--,--,--,--,--,--,--,--
Tutu Atwell,LAR,WR,--/--,--,--,--,--,--,--,--,--,--,--,--,--,--,--,--
Kyle Trask,TB,QB,0/0,0,0,0,0,0,0,0,0,0,0,0,0,0,0.0,0.0
Trace McSorley,Ari,QB,--/--,--,--,--,--,--,--,--,--,--,--,--,--,--,--,--
Tarik Cohen,FA,RB,--/--,--,--,--,--,--,--,--,--,--,--,--,--,--,--,--
Drew Brees,NO,QB,--/--,--,--,--,--,--,--,--,--,--,--,--,--,--,--,--
Rico Dowdle,Dal,RB,--/--,--,--,--,--,--,--,--,--,--,--,--,--,--,--,--
Julian Edelman,NE,WR,--/--,--,--,--,--,--,--,--,--,--,--,--,--,--,--,--
Kenjon Barner,TB,RB,--/--,--,--,--,--,--,--,--,--,--,--,--,--,--,--,--
Justice Hill,Bal,RB,--/--,--,--,--,--,--,--,--,--,--,--,--,--,--,--,--
Antonio Williams,NYG,RB,--/--,--,--,--,--,--,--,--,--,--,--,--,--,--,--,--
Jacob Harris,LAR,TE,0/0,0,0,0,0,0,0,0,0,0,0,0,0,0,0.0,0.0
Todd Gurley II,FA,RB,--/--,--,--,--,--,--,--,--,--,--,--,--,--,--,--,--
Lynn Bowden Jr.,Mia,WR,0/0,0,0,0,0,0,0,0,0,0,0,0,0,0,0.0,0.0
Simi Fehoko,Dal,WR,--/--,--,--,--,--,--,--,--,--,--,--,--,--,--,--,--
Larry Fitzgerald,FA,WR,0/0,0,0,0,0,0,0,0,0,0,2,0,0,0,0.0,0.0
Thaddeus Moss,Cin,TE,--/--,--,--,--,--,--,--,--,--,--,--,--,--,--,--,--
Kyle Shurmur,FA,QB,--/--,--,--,--,--,--,--,--,--,--,--,--,--,--,--,--
Bisi Johnson,Min,WR,--/--,--,--,--,--,--,--,--,--,--,--,--,--,--,--,--
Brett Rypien,Den,QB,--/--,--,--,--,--,--,--,--,--,--,--,--,--,--,--,--
Cornell Powell,KC,WR,--/--,--,--,--,--,--,--,--,--,--,--,--,--,--,--,--
Codey McElroy,TB,TE,--/--,--,--,--,--,--,--,--,--,--,--,--,--,--,--,--
Xavier Jones,LAR,RB,--/--,--,--,--,--,--,--,--,--,--,--,--,--,--,--,--
Marquez Stevenson,Buf,WR,0/0,0,0,0,0,0,0,0,0,0,0,0,0,0,0.0,0.0
Philip Rivers,FA,QB,--/--,--,--,--,--,--,--,--,--,--,--,--,--,--,--,--
Chad Hansen,Atl,WR,--/--,--,--,--,--,--,--,--,--,--,--,--,--,--,--,--
Deon Cain,Phi,WR,--/--,--,--,--,--,--,--,--,--,--,--,--,--,--,--,--
KeeSean Johnson,SF,WR,--/--,--,--,--,--,--,--,--,--,--,--,--,--,--,--,--
Jordan Veasy,FA,WR,0/0,0,0,0,0,0,0,0,0,0,0,0,0,0,0.0,0.0
Dalton Keene,NE,TE,--/--,--,--,--,--,--,--,--,--,--,--,--,--,--,--,--
Vance McDonald,Pit,TE,--/--,--,--,--,--,--,--,--,--,--,--,--,--,--,--,--
Matt Schaub,Atl,QB,--/--,--,--,--,--,--,--,--,--,--,--,--,--,--,--,--
Paul Quessenberry,Hou,TE,--/--,--,--,--,--,--,--,--,--,--,--,--,--,--,--,--
Nate Sudfeld,SF,QB,--/--,--,--,--,--,--,--,--,--,--,--,--,--,--,--,--
Devlin Hodges,LAR,QB,--/--,--,--,--,--,--,--,--,--,--,--,--,--,--,--,--
Marcus Baugh,FA,TE,--/--,--,--,--,--,--,--,--,--,--,--,--,--,--,--,--
Anthony Gordon,KC,QB,--/--,--,--,--,--,--,--,--,--,--,--,--,--,--,--,--
David Wells,Ari,TE,0/0,0,0,0,0,0,0,0,0,0,0,0,0,0,0.0,0.0
Jordan Matthews,SF,TE,--/--,--,--,--,--,--,--,--,--,--,--,--,--,--,--,--
Joshua Dobbs,Cle,QB,--/--,--,--,--,--,--,--,--,--,--,--,--,--,--,--,--
Dan Chisena,Min,WR,0/0,0,0,0,0,0,0,0,0,0,0,0,0,0,0.0,0.0
Darius Anderson,Hou,RB,--/--,--,--,--,--,--,--,--,--,--,--,--,--,--,--,--
Taiwan Jones,Buf,RB,0/0,0,0,0,0,0,0,0,0,0,0,0,0,0,0.0,0.0
DeMichael Harris,Ind,WR,--/--,--,--,--,--,--,--,--,--,--,--,--,--,--,--,--
Jeff Badet,FA,WR,--/--,--,--,--,--,--,--,--,--,--,--,--,--,--,--,--
Ben Mason,Bal,RB,--/--,--,--,--,--,--,--,--,--,--,--,--,--,--,--,--
Jake Bargas,Min,RB,--/--,--,--,--,--,--,--,--,--,--,--,--,--,--,--,--
Javon Leake,FA,RB,--/--,--,--,--,--,--,--,--,--,--,--,--,--,--,--,--
Kawaan Baker,NO,WR,0/0,0,0,0,0,0,0,0,0,0,0,0,0,0,0.0,0.0
Myron Mitchell,Min,WR,0/0,0,0,0,0,0,0,0,0,0,0,0,0,0,0.0,0.0
Jordan Reed,SF,TE,--/--,--,--,--,--,--,--,--,--,--,--,--,--,--,--,--
Nate Stanley,Min,QB,--/--,--,--,--,--,--,--,--,--,--,--,--,--,--,--,--
Ryan Finley,Hou,QB,--/--,--,--,--,--,--,--,--,--,--,--,--,--,--,--,--
Nick Bowers,LV,TE,0/0,0,0,0,0,0,0,0,0,0,0,0,0,0,0.0,0.0
Levine Toilolo,FA,TE,--/--,--,--,--,--,--,--,--,--,--,--,--,--,--,--,--
Miller Forristall,Cle,TE,0/0,0,0,0,0,0,0,0,0,0,0,0,0,0,0.0,0.0
Alex Smith,Wsh,QB,--/--,--,--,--,--,--,--,--,--,--,--,--,--,--,--,--
Tony Poljan,Bal,TE,--/--,--,--,--,--,--,--,--,--,--,--,--,--,--,--,--
Zach Davidson,Min,TE,--/--,--,--,--,--,--,--,--,--,--,--,--,--,--,--,--
Reid Sinnett,Phi,QB,--/--,--,--,--,--,--,--,--,--,--,--,--,--,--,--,--
Sammis Reyes,Wsh,TE,0/0,0,0,0,0,0,0,0,0,0,0,0,0,0,0.0,0.0
Tyrone Swoopes,Wsh,TE,--/--,--,--,--,--,--,--,--,--,--,--,--,--,--,--,--
Alex Ellis,Ari,TE,--/--,--,--,--,--,--,--,--,--,--,--,--,--,--,--,--
Trey Edmunds,Pit,RB,--/--,--,--,--,--,--,--,--,--,--,--,--,--,--,--,--
Dez Bryant,FA,WR,0/0,0,0,0,0,0,0,0,0,0,0,0,0,0,0.0,0.0
Giovanni Ricci,Car,RB,--/--,--,--,--,--,--,--,--,--,--,--,--,--,--,--,--
Chandler Cox,FA,RB,--/--,--,--,--,--,--,--,--,--,--,--,--,--,--,--,--
Robert Foster,NYG,WR,0/0,0,0,0,0,0,0,0,0,0,0,0,0,0,0.0,0.0
Easton Stick,LAC,QB,--/--,--,--,--,--,--,--,--,--,--,--,--,--,--,--,--
Farrod Green,FA,TE,0/0,0,0,0,0,0,0,0,0,0,0,0,0,0,0.0,0.0
Austin Mack,SF,WR,0/0,0,0,0,0,0,0,0,0,0,1,0,0,0,0.0,0.0
Raymond Calais,LAR,RB,--/--,--,--,--,--,--,--,--,--,--,--,--,--,--,--,--
Frank Gore,FA,RB,--/--,--,--,--,--,--,--,--,--,--,--,--,--,--,--,--
Nick Ralston,Dal,RB,--/--,--,--,--,--,--,--,--,--,--,--,--,--,--,--,--
Elijah Holyfield,Cin,RB,--/--,--,--,--,--,--,--,--,--,--,--,--,--,--,--,--
Cody Core,Mia,WR,--/--,--,--,--,--,--,--,--,--,--,--,--,--,--,--,--
Deon Cain,Phi,WR,0/0,0,0,0,0,0,0,0,0,0,1,0,0,0,0.0,0.0
KeeSean Johnson,SF,WR,--/--,--,--,--,--,--,--,--,--,--,--,--,--,--,--,--
Jordan Veasy,FA,WR,--/--,--,--,--,--,--,--,--,--,--,--,--,--,--,--,--
Dalton Keene,NE,TE,0/0,0,0,0,0,0,0,0,0,0,1,0,0,0,0.0,0.0
Vance McDonald,Pit,TE,--/--,--,--,--,--,--,--,--,--,--,--,--,--,--,--,--
Matt Schaub,Atl,QB,--/--,--,--,--,--,--,--,--,--,--,--,--,--,--,--,--
Paul Quessenberry,Hou,TE,--/--,--,--,--,--,--,--,--,--,--,--,--,--,--,--,--
Josh Hill,Det,TE,--/--,--,--,--,--,--,--,--,--,--,--,--,--,--,--,--
Noah Togiai,Phi,TE,0/0,0,0,0,0,0,0,0,0,0,0,0,0,0,0.0,0.0
Hunter Kampmoyer,LAC,TE,0/0,0,0,0,0,0,0,0,0,0,0,0,0,0,0.0,0.0
Alize Mack,GB,TE,--/--,--,--,--,--,--,--,--,--,--,--,--,--,--,--,--
Caleb Wilson,FA,TE,--/--,--,--,--,--,--,--,--,--,--,--,--,--,--,--,--
Kevin Hogan,Hou,QB,--/--,--,--,--,--,--,--,--,--,--,--,--,--,--,--,--
Danny Etling,GB,QB,--/--,--,--,--,--,--,--,--,--,--,--,--,--,--,--,--
Ian Bunting,Dal,TE,--/--,--,--,--,--,--,--,--,--,--,--,--,--,--,--,--
Terry Godwin,Jax,WR,--/--,--,--,--,--,--,--,--,--,--,--,--,--,--,--,--
Darrius Shepherd,FA,WR,--/--,--,--,--,--,--,--,--,--,--,--,--,--,--,--,--
Daurice Fountain,KC,WR,0/0,0,0,0,0,0,0,0,0,0,0,0,0,0,0.0,0.0
Jazz Ferguson,FA,WR,--/--,--,--,--,--,--,--,--,--,--,--,--,--,--,--,--
Jonathan Hilliman,FA,RB,--/--,--,--,--,--,--,--,--,--,--,--,--,--,--,--,--
Austin Proehl,NYG,WR,--/--,--,--,--,--,--,--,--,--,--,--,--,--,--,--,--
Chris Thompson,FA,RB,--/--,--,--,--,--,--,--,--,--,--,--,--,--,--,--,--
Fred Brown,FA,WR,--/--,--,--,--,--,--,--,--,--,--,--,--,--,--,--,--
John Lovett,Mia,RB,--/--,--,--,--,--,--,--,--,--,--,--,--,--,--,--,--
Karan Higdon,FA,RB,--/--,--,--,--,--,--,--,--,--,--,--,--,--,--,--,--
Trishton Jackson,Min,WR,--/--,--,--,--,--,--,--,--,--,--,--,--,--,--,--,--
Josh Johnson,Sea,RB,0/0,0,0,0,0,0,0,0,0,0,0,0,0,0,0.0,0.0
Darius Bradwell,Car,RB,0/0,0,0,0,0,0,0,0,0,0,1,0,0,0,0.0,0.0
Sutton Smith,LV,RB,0/0,0,0,0,0,0,0,0,0,0,0,0,0,0,0.0,0.0
Lawrence Cager,NYJ,WR,--/--,--,--,--,--,--,--,--,--,--,--,--,--,--,--,--
Josh Malone,Ten,WR,--/--,--,--,--,--,--,--,--,--,--,--,--,--,--,--,--
Gary Jennings,FA,WR,--/--,--,--,--,--,--,--,--,--,--,--,--,--,--,--,--
Dexter Williams,FA,RB,--/--,--,--,--,--,--,--,--,--,--,--,--,--,--,--,--
Isaiah Zuber,FA,WR,--/--,--,--,--,--,--,--,--,--,--,--,--,--,--,--,--
Tyrie Cleveland,Den,WR,0/0,0,0,0,0,0,0,0,0,0,1,0,0,0,0.0,0.0
Javon Wims,Cle,WR,--/--,--,--,--,--,--,--,--,--,--,--,--,--,--,--,--
J.P. Holtz,NO,RB,0/0,0,0,0,0,0,0,0,0,0,0,0,0,0,0.0,0.0
Bruce Miller,FA,RB,--/--,--,--,--,--,--,--,--,--,--,--,--,--,--,--,--
Dillon Stoner,LV,WR,0/0,0,0,0,0,0,0,0,0,0,2,0,0,0,0.0,0.0
Rico Gafford,GB,WR,--/--,--,--,--,--,--,--,--,--,--,--,--,--,--,--,--
Sewo Olonilua,FA,RB,0/0,0,0,0,0,0,0,0,0,0,0,0,0,0,0.0,0.0
Brian Hill,FA,RB,--/--,--,--,--,--,--,--,--,--,--,--,--,--,--,--,--
LeSean McCoy,FA,RB,--/--,--,--,--,--,--,--,--,--,--,--,--,--,--,--,--
Nsimba Webster,Chi,WR,0/0,0,0,0,0,0,0,0,0,0,0,0,0,0,0.0,0.0
Rodney Adams,NYJ,WR,--/--,--,--,--,--,--,--,--,--,--,--,--,--,--,--,--
Riley Ridley,FA,WR,--/--,--,--,--,--,--,--,--,--,--,--,--,--,--,--,--
Lamar Miller,FA,RB,--/--,--,--,--,--,--,--,--,--,--,--,--,--,--,--,--
Alfred Morris,FA,RB,--/--,--,--,--,--,--,--,--,--,--,--,--,--,--,--,--
Tre Nixon,NE,WR,--/--,--,--,--,--,--,--,--,--,--,--,--,--,--,--,--
Gerrid Doaks,Mia,RB,--/--,--,--,--,--,--,--,--,--,--,--,--,--,--,--,--
Isaiah Coulter,Chi,WR,--/--,--,--,--,--,--,--,--,--,--,--,--,--,--,--,--
Joe Reed,LAC,WR,--/--,--,--,--,--,--,--,--,--,--,--,--,--,--,--,--
Ryan Izzo,Ten,TE,0/0,0,0,0,0,0,0,0,0,0,0,0,0,0,0.0,0.0
Hunter Bryant,FA,TE,--/--,--,--,--,--,--,--,--,--,--,--,--,--,--,--,--
Jaeden Graham,FA,TE,--/--,--,--,--,--,--,--,--,--,--,--,--,--,--,--,--
Temarrick Hemingway,FA,TE,0/0,0,0,0,0,0,0,0,0,0,0,0,0,0,0.0,0.0
Nakia Griffin-Stewart,FA,TE,0/0,0,0,0,0,0,0,0,0,0,0,0,0,0,0.0,0.0
Hakeem Butler,FA,TE,--/--,--,--,--,--,--,--,--,--,--,--,--,--,--,--,--
Greg Olsen,Sea,TE,--/--,--,--,--,--,--,--,--,--,--,--,--,--,--,--,--
Matt Sokol,NE,TE,--/--,--,--,--,--,--,--,--,--,--,--,--,--,--,--,--
Colin Thompson,Car,TE,0/0,0,0,0,0,0,0,0,0,0,1,0,0,0,0.0,0.0
Ross Travis,FA,TE,--/--,--,--,--,--,--,--,--,--,--,--,--,--,--,--,--
Blake Bortles,FA,QB,--/--,--,--,--,--,--,--,--,--,--,--,--,--,--,--,--
James Morgan,Ind,QB,--/--,--,--,--,--,--,--,--,--,--,--,--,--,--,--,--
Jordan Thomas,Det,TE,--/--,--,--,--,--,--,--,--,--,--,--,--,--,--,--,--
Tyler Mabry,Sea,TE,0/0,0,0,0,0,0,0,0,0,0,0,0,0,0,0.0,0.0
Charles Jones,FA,TE,--/--,--,--,--,--,--,--,--,--,--,--,--,--,--,--,--
Tanner Hudson,SF,TE,--/--,--,--,--,--,--,--,--,--,--,--,--,--,--,--,--
Clayton Thorson,FA,QB,--/--,--,--,--,--,--,--,--,--,--,--,--,--,--,--,--
Hale Hentges,Min,TE,--/--,--,--,--,--,--,--,--,--,--,--,--,--,--,--,--
Troymaine Pope,FA,RB,--/--,--,--,--,--,--,--,--,--,--,--,--,--,--,--,--
Michael Walker,Phi,WR,--/--,--,--,--,--,--,--,--,--,--,--,--,--,--,--,--
Michael Warren II,FA,RB,--/--,--,--,--,--,--,--,--,--,--,--,--,--,--,--,--
Kelvin McKnight,FA,WR,--/--,--,--,--,--,--,--,--,--,--,--,--,--,--,--,--
Dion Lewis,FA,RB,--/--,--,--,--,--,--,--,--,--,--,--,--,--,--,--,--
Steven Mitchell Jr.,FA,WR,--/--,--,--,--,--,--,--,--,--,--,--,--,--,--,--,--
Artavis Pierce,FA,RB,0/0,0,0,0,0,0,0,0,0,0,0,0,0,0,0.0,0.0
Tony Brown,FA,WR,--/--,--,--,--,--,--,--,--,--,--,--,--,--,--,--,--
Devin Smith,FA,WR,0/0,0,0,0,0,0,0,0,0,0,1,0,0,0,0.0,0.0
C.J. Prosise,FA,RB,--/--,--,--,--,--,--,--,--,--,--,--,--,--,--,--,--
Duke Williams,FA,WR,--/--,--,--,--,--,--,--,--,--,--,--,--,--,--,--,--
Josh Hammond,Jax,WR,0/0,0,0,0,0,0,0,0,0,0,0,0,0,0,0.0,0.0
Jeff Cotton,Jax,WR,0/0,0,0,0,0,0,0,0,0,0,0,0,0,0,0.0,0.0
Emanuel Hall,Wsh,WR,--/--,--,--,--,--,--,--,--,--,--,--,--,--,--,--,--
D.J. Foster,FA,RB,--/--,--,--,--,--,--,--,--,--,--,--,--,--,--,--,--
Trey Quinn,Den,WR,--/--,--,--,--,--,--,--,--,--,--,--,--,--,--,--,--
Cade Johnson,Sea,WR,--/--,--,--,--,--,--,--,--,--,--,--,--,--,--,--,--
Allen Hurns,FA,WR,0/0,0,0,0,0,0,0,0,0,0,0,0,0,0,0.0,0.0
Geronimo Allison,FA,WR,--/--,--,--,--,--,--,--,--,--,--,--,--,--,--,--,--
LeVante Bellamy,FA,RB,--/--,--,--,--,--,--,--,--,--,--,--,--,--,--,--,--
Matt Cole,FA,WR,--/--,--,--,--,--,--,--,--,--,--,--,--,--,--,--,--
Marken Michel,Wsh,WR,--/--,--,--,--,--,--,--,--,--,--,--,--,--,--,--,--
Senorise Perry,FA,RB,--/--,--,--,--,--,--,--,--,--,--,--,--,--,--,--,--
Isaiah Hodgins,Buf,WR,0/0,0,0,0,0,0,0,0,0,0,0,0,0,0,0.0,0.0
Elijah McGuire,KC,RB,--/--,--,--,--,--,--,--,--,--,--,--,--,--,--,--,--
Chris Rowland,FA,WR,--/--,--,--,--,--,--,--,--,--,--,--,--,--,--,--,--
Bryce Love,FA,RB,--/--,--,--,--,--,--,--,--,--,--,--,--,--,--,--,--
DeAndre Washington,FA,RB,--/--,--,--,--,--,--,--,--,--,--,--,--,--,--,--,--
John Hightower,Phi,WR,0/0,0,0,0,0,0,0,0,0,0,0,0,0,0,0.0,0.0
Isaiah Wright,FA,WR,--/--,--,--,--,--,--,--,--,--,--,--,--,--,--,--,--
Jake Luton,Jax,QB,--/--,--,--,--,--,--,--,--,--,--,--,--,--,--,--,--
Virgil Green,FA,TE,--/--,--,--,--,--,--,--,--,--,--,--,--,--,--,--,--
Sean Culkin,FA,TE,--/--,--,--,--,--,--,--,--,--,--,--,--,--,--,--,--
Jared Pinkney,FA,TE,0/0,0,0,0,0,0,0,0,0,0,0,0,0,0,0.0,0.0
Tommy Stevens,FA,TE,--/--,--,--,--,--,--,--,--,--,--,--,--,--,--,--,--
Isaac Nauta,FA,TE,--/--,--,--,--,--,--,--,--,--,--,--,--,--,--,--,--
Trey Burton,FA,TE,--/--,--,--,--,--,--,--,--,--,--,--,--,--,--,--,--
Jason Croom,FA,TE,--/--,--,--,--,--,--,--,--,--,--,--,--,--,--,--,--
Matt Bushman,KC,TE,--/--,--,--,--,--,--,--,--,--,--,--,--,--,--,--,--
Dylan Cantrell,Wsh,TE,--/--,--,--,--,--,--,--,--,--,--,--,--,--,--,--,--
Jordan Franks,KC,TE,--/--,--,--,--,--,--,--,--,--,--,--,--,--,--,--,--
Carson Meier,FA,TE,--/--,--,--,--,--,--,--,--,--,--,--,--,--,--,--,--
Alex Barnes,Ten,RB,--/--,--,--,--,--,--,--,--,--,--,--,--,--,--,--,--
Theo Riddick,LV,RB,--/--,--,--,--,--,--,--,--,--,--,--,--,--,--,--,--
Tony Brooks-James,FA,RB,--/--,--,--,--,--,--,--,--,--,--,--,--,--,--,--,--
Marcus Green,FA,WR,--/--,--,--,--,--,--,--,--,--,--,--,--,--,--,--,--
Mike Weber,FA,RB,--/--,--,--,--,--,--,--,--,--,--,--,--,--,--,--,--
Keelan Doss,FA,WR,--/--,--,--,--,--,--,--,--,--,--,--,--,--,--,--,--
Dontrelle Inman,FA,WR,--/--,--,--,--,--,--,--,--,--,--,--,--,--,--,--,--
Alexander Hollins,FA,WR,--/--,--,--,--,--,--,--,--,--,--,--,--,--,--,--,--
Mason Kinsey,Ten,WR,0/0,0,0,0,0,0,0,0,0,0,0,0,0,0,0.0,0.0
Taywan Taylor,FA,WR,--/--,--,--,--,--,--,--,--,--,--,--,--,--,--,--,--
Jaleel Scott,FA,WR,--/--,--,--,--,--,--,--,--,--,--,--,--,--,--,--,--
Michael Bandy,LAC,WR,0/0,0,0,0,0,0,0,0,0,0,0,0,0,0,0.0,0.0
Dillon Mitchell,FA,WR,--/--,--,--,--,--,--,--,--,--,--,--,--,--,--,--,--
Aaron Fuller,Sea,WR,0/0,0,0,0,0,0,0,0,0,0,0,0,0,0,0.0,0.0
Damion Willis,FA,WR,--/--,--,--,--,--,--,--,--,--,--,--,--,--,--,--,--
Donte Moncrief,FA,WR,--/--,--,--,--,--,--,--,--,--,--,--,--,--,--,--,--
Anthony Johnson,FA,WR,--/--,--,--,--,--,--,--,--,--,--,--,--,--,--,--,--
Rodney Anderson,FA,RB,--/--,--,--,--,--,--,--,--,--,--,--,--,--,--,--,--
Ryan Switzer,FA,WR,--/--,--,--,--,--,--,--,--,--,--,--,--,--,--,--,--
Alshon Jeffery,FA,WR,--/--,--,--,--,--,--,--,--,--,--,--,--,--,--,--,--
Austin Carr,FA,WR,--/--,--,--,--,--,--,--,--,--,--,--,--,--,--,--,--
Jalen Camp,Hou,WR,0/0,0,0,0,0,0,0,0,0,0,0,0,0,0,0.0,0.0
T.J. Yeldon,FA,RB,--/--,--,--,--,--,--,--,--,--,--,--,--,--,--,--,--
Spencer Schnell,FA,WR,--/--,--,--,--,--,--,--,--,--,--,--,--,--,--,--,--
Malcolm Perry,NE,WR,--/--,--,--,--,--,--,--,--,--,--,--,--,--,--,--,--
River Cracraft,Mia,WR,--/--,--,--,--,--,--,--,--,--,--,--,--,--,--,--,--
Chad Beebe,FA,WR,0/0,0,0,0,0,0,0,0,0,0,0,0,0,0,0.0,0.0
Bennie Fowler,FA,WR,--/--,--,--,--,--,--,--,--,--,--,--,--,--,--,--,--
Reggie Begelton,FA,WR,--/--,--,--,--,--,--,--,--,--,--,--,--,--,--,--,--
John Ursua,Sea,WR,--/--,--,--,--,--,--,--,--,--,--,--,--,--,--,--,--
Golden Tate,FA,WR,--/--,--,--,--,--,--,--,--,--,--,--,--,--,--,--,--
Cullen Gillaspia,FA,RB,--/--,--,--,--,--,--,--,--,--,--,--,--,--,--,--,--
Elijah McGuire,KC,RB,--/--,--,--,--,--,--,--,--,--,--,--,--,--,--,--,--
Chris Rowland,FA,WR,--/--,--,--,--,--,--,--,--,--,--,--,--,--,--,--,--
Bryce Love,FA,RB,--/--,--,--,--,--,--,--,--,--,--,--,--,--,--,--,--
DeAndre Washington,FA,RB,--/--,--,--,--,--,--,--,--,--,--,--,--,--,--,--,--
John Hightower,Phi,WR,--/--,--,--,--,--,--,--,--,--,--,--,--,--,--,--,--
Isaiah Wright,FA,WR,--/--,--,--,--,--,--,--,--,--,--,--,--,--,--,--,--
Jake Luton,Jax,QB,0/0,0,0,0,0,0,0,0,0,0,0,0,0,0,0.0,0.0
Virgil Green,FA,TE,--/--,--,--,--,--,--,--,--,--,--,--,--,--,--,--,--
Sean Culkin,FA,TE,0/0,0,0,0,0,0,0,0,0,0,0,0,0,0,0.0,0.0
Jared Pinkney,FA,TE,--/--,--,--,--,--,--,--,--,--,--,--,--,--,--,--,--
Tommy Stevens,FA,TE,--/--,--,--,--,--,--,--,--,--,--,--,--,--,--,--,--
Isaac Nauta,FA,TE,--/--,--,--,--,--,--,--,--,--,--,--,--,--,--,--,--
Trey Burton,FA,TE,--/--,--,--,--,--,--,--,--,--,--,--,--,--,--,--,--
Jason Croom,FA,TE,--/--,--,--,--,--,--,--,--,--,--,--,--,--,--,--,--
Matt Bushman,KC,TE,--/--,--,--,--,--,--,--,--,--,--,--,--,--,--,--,--
Dylan Cantrell,Wsh,TE,--/--,--,--,--,--,--,--,--,--,--,--,--,--,--,--,--
Jordan Franks,KC,TE,--/--,--,--,--,--,--,--,--,--,--,--,--,--,--,--,--
Carson Meier,FA,TE,0/0,0,0,0,0,0,0,0,0,0,0,0,0,0,0.0,0.0
Alex Barnes,Ten,RB,--/--,--,--,--,--,--,--,--,--,--,--,--,--,--,--,--
Theo Riddick,LV,RB,0/0,0,0,0,0,0,0,0,0,0,0,0,0,0,0.0,0.0
Tony Brooks-James,FA,RB,--/--,--,--,--,--,--,--,--,--,--,--,--,--,--,--,--
Marcus Green,FA,WR,0/0,0,0,0,0,0,0,0,0,0,0,0,0,0,0.0,0.0
Nate McCrary,Bal,RB,0/0,0,0,0,1,-1,0,0,0,0,0,0,0,0,-0.1,-0.1
Kurt Benkert,GB,QB,0/0,0,0,0,2,-1,0,0,0,0,0,0,0,0,-0.1,-0.1
Chase Daniel,LAC,QB,0/0,0,0,0,2,-2,0,0,0,0,0,0,0,0,-0.2,-0.2
Davis Webb,NYG,QB,0/0,0,0,0,2,-3,0,0,0,0,0,0,0,0,-0.3,-0.3
Alex Bachman,NYG,WR,0/0,0,0,0,1,-3,0,0,0,0,0,0,0,0,-0.3,-0.1
Logan Woodside,Ten,QB,0/0,0,0,0,6,-6,0,0,0,0,0,0,0,0,-0.6,-0.1
Jacob Eason,Sea,QB,2/5,25,0,1,0,0,0,0,0,0,0,0,0,0,-1.0,-1.0
Feleipe Franks,Atl,QB,0/1,0,0,1,3,6,0,0,0,0,0,0,0,0,-1.4,-0.4
Trenton Cannon,Ten,RB,0/0,0,0,0,3,4,0,0,0,0,0,0,1,0,-1.6,-0.2
John Wolford,LAR,QB,1/4,5,0,1,2,-1,0,0,0,0,0,0,0,0,-1.9,-1.0
Travis Benjamin,FA,WR,0/0,0,0,0,0,0,0,0,0,0,5,0,1,0,-2.0,-0.3
J.J. Koski,LAR,WR,0/0,0,0,0,0,0,0,0,0,0,0,0,1,0,-2.0,-0.5
Josh Rosen,FA,QB,2/11,19,0,2,0,0,0,0,0,0,0,0,0,0,-3.24,-1.1
Diontae Spencer,FA,WR,0/0,0,0,0,0,0,0,1,-3,0,4,0,2,0,-3.3,-0.2
Breece Hall,NYJ,RB,--/--,--,--,--,--,--,--,--,--,--,--,--,--,--,--,--
Drake London,Atl,WR,--/--,--,--,--,--,--,--,--,--,--,--,--,--,--,--,--
Treylon Burks,Ten,WR,--/--,--,--,--,--,--,--,--,--,--,--,--,--,--,--,--
Chris Olave,NO,WR,--/--,--,--,--,--,--,--,--,--,--,--,--,--,--,--,--
Garrett Wilson,NYJ,WR,--/--,--,--,--,--,--,--,--,--,--,--,--,--,--,--,--
James Cook,Buf,RB,--/--,--,--,--,--,--,--,--,--,--,--,--,--,--,--,--
Ken Walker III,Sea,RB,--/--,--,--,--,--,--,--,--,--,--,--,--,--,--,--,--
Derrick Willies,FA,WR,--/--,--,--,--,--,--,--,--,--,--,--,--,--,--,--,--
Cody Thompson,Sea,WR,--/--,--,--,--,--,--,--,--,--,--,--,--,--,--,--,--
Wes Hills,FA,RB,--/--,--,--,--,--,--,--,--,--,--,--,--,--,--,--,--
Ventell Bryant,FA,WR,--/--,--,--,--,--,--,--,--,--,--,--,--,--,--,--,--
Omar Bayless,KC,WR,--/--,--,--,--,--,--,--,--,--,--,--,--,--,--,--,--
Antonio Callaway,FA,WR,--/--,--,--,--,--,--,--,--,--,--,--,--,--,--,--,--
Evan Baylis,FA,TE,--/--,--,--,--,--,--,--,--,--,--,--,--,--,--,--,--
John Metchie III,Hou,WR,--/--,--,--,--,--,--,--,--,--,--,--,--,--,--,--,--
Dameon Pierce,Hou,RB,--/--,--,--,--,--,--,--,--,--,--,--,--,--,--,--,--
Isaiah Spiller,LAC,RB,--/--,--,--,--,--,--,--,--,--,--,--,--,--,--,--,--
Tyler Allgeier,Atl,RB,--/--,--,--,--,--,--,--,--,--,--,--,--,--,--,--,--
Jalen Tolbert,Dal,WR,--/--,--,--,--,--,--,--,--,--,--,--,--,--,--,--,--
Malik Willis,Ten,QB,--/--,--,--,--,--,--,--,--,--,--,--,--,--,--,--,--
Desmond Ridder,Atl,QB,--/--,--,--,--,--,--,--,--,--,--,--,--,--,--,--,--
Rachaad White,TB,RB,--/--,--,--,--,--,--,--,--,--,--,--,--,--,--,--,--
Velus Jones Jr.,Chi,WR,--/--,--,--,--,--,--,--,--,--,--,--,--,--,--,--,--
Trey McBride,Ari,TE,--/--,--,--,--,--,--,--,--,--,--,--,--,--,--,--,--
Jelani Woods,Ind,TE,--/--,--,--,--,--,--,--,--,--,--,--,--,--,--,--,--
Brian Robinson Jr.,Wsh,RB,--/--,--,--,--,--,--,--,--,--,--,--,--,--,--,--,--
Zamir White,LV,RB,--/--,--,--,--,--,--,--,--,--,--,--,--,--,--,--,--
Matt Corral,Car,QB,--/--,--,--,--,--,--,--,--,--,--,--,--,--,--,--,--
Tyquan Thornton,NE,WR,--/--,--,--,--,--,--,--,--,--,--,--,--,--,--,--,--
Justyn Ross,KC,WR,--/--,--,--,--,--,--,--,--,--,--,--,--,--,--,--,--
Wan'Dale Robinson,NYG,WR,--/--,--,--,--,--,--,--,--,--,--,--,--,--,--,--,--
David Bell,Cle,WR,--/--,--,--,--,--,--,--,--,--,--,--,--,--,--,--,--
Tyrion Davis-Price,SF,RB,--/--,--,--,--,--,--,--,--,--,--,--,--,--,--,--,--
Greg Dulcich,Den,TE,--/--,--,--,--,--,--,--,--,--,--,--,--,--,--,--,--
Hassan Haskins,Ten,RB,--/--,--,--,--,--,--,--,--,--,--,--,--,--,--,--,--
Danny Gray,SF,WR,--/--,--,--,--,--,--,--,--,--,--,--,--,--,--,--,--
Calvin Austin III,Pit,WR,--/--,--,--,--,--,--,--,--,--,--,--,--,--,--,--,--
Khalil Shakir,Buf,WR,--/--,--,--,--,--,--,--,--,--,--,--,--,--,--,--,--
Snoop Conner,Jax,RB,--/--,--,--,--,--,--,--,--,--,--,--,--,--,--,--,--
Romeo Doubs,GB,WR,--/--,--,--,--,--,--,--,--,--,--,--,--,--,--,--,--
Cade Otton,TB,TE,--/--,--,--,--,--,--,--,--,--,--,--,--,--,--,--,--
Pierre Strong Jr.,NE,RB,--/--,--,--,--,--,--,--,--,--,--,--,--,--,--,--,--
Keaontay Ingram,Ari,RB,--/--,--,--,--,--,--,--,--,--,--,--,--,--,--,--,--
Isaih Pacheco,KC,RB,--/--,--,--,--,--,--,--,--,--,--,--,--,--,--,--,--
Jeremy Ruckert,NYJ,TE,--/--,--,--,--,--,--,--,--,--,--,--,--,--,--,--,--
Kyren Williams,LAR,RB,--/--,--,--,--,--,--,--,--,--,--,--,--,--,--,--,--
Sam Howell,Wsh,QB,--/--,--,--,--,--,--,--,--,--,--,--,--,--,--,--,--
Tyler Badie,Bal,RB,--/--,--,--,--,--,--,--,--,--,--,--,--,--,--,--,--
Jerome Ford,Cle,RB,--/--,--,--,--,--,--,--,--,--,--,--,--,--,--,--,--
Ty Chandler,Min,RB,--/--,--,--,--,--,--,--,--,--,--,--,--,--,--,--,--
Kyle Philips,Ten,WR,--/--,--,--,--,--,--,--,--,--,--,--,--,--,--,--,--
Brandon Smith,Dal,WR,--/--,--,--,--,--,--,--,--,--,--,--,--,--,--,--,--
Charlie Kolar,Bal,TE,--/--,--,--,--,--,--,--,--,--,--,--,--,--,--,--,--
Jake Ferguson,Dal,TE,--/--,--,--,--,--,--,--,--,--,--,--,--,--,--,--,--
Isaiah Likely,Bal,TE,--/--,--,--,--,--,--,--,--,--,--,--,--,--,--,--,--
Connor Heyward,Pit,TE,--/--,--,--,--,--,--,--,--,--,--,--,--,--,--,--,--
Kevin Harris,NE,RB,--/--,--,--,--,--,--,--,--,--,--,--,--,--,--,--,--
Jameson Williams,Det,WR,--/--,--,--,--,--,--,--,--,--,--,--,--,--,--,--,--
Christian Watson,GB,WR,--/--,--,--,--,--,--,--,--,--,--,--,--,--,--,--,--
Skyy Moore,KC,WR,--/--,--,--,--,--,--,--,--,--,--,--,--,--,--,--,--
Jahan Dotson,Wsh,WR,--/--,--,--,--,--,--,--,--,--,--,--,--,--,--,--,--
George Pickens,Pit,WR,--/--,--,--,--,--,--,--,--,--,--,--,--,--,--,--,--
Alec Pierce,Ind,WR,--/--,--,--,--,--,--,--,--,--,--,--,--,--,--,--,--
Kenny Pickett,Pit,QB,--/--,--,--,--,--,--,--,--,--,--,--,--,--,--,--,--
John Metchie III,Hou,WR,--/--,--,--,--,--,--,--,--,--,--,--,--,--,--,--,--
Dameon Pierce,Hou,RB,--/--,--,--,--,--,--,--,--,--,--,--,--,--,--,--,--
Isaiah Spiller,LAC,RB,--/--,--,--,--,--,--,--,--,--,--,--,--,--,--,--,--
Tyler Allgeier,Atl,RB,--/--,--,--,--,--,--,--,--,--,--,--,--,--,--,--,--
Montrell Washington,Den,WR,--/--,--,--,--,--,--,--,--,--,--,--,--,--,--,--,--
Cole Turner,Wsh,TE,--/--,--,--,--,--,--,--,--,--,--,--,--,--,--,--,--
Ko Kieft,TB,TE,--/--,--,--,--,--,--,--,--,--,--,--,--,--,--,--,--
Michael Woods II,Cle,WR,--/--,--,--,--,--,--,--,--,--,--,--,--,--,--,--,--
Samori Toure,GB,WR,--/--,--,--,--,--,--,--,--,--,--,--,--,--,--,--,--
Zonovan Knight,NYJ,RB,--/--,--,--,--,--,--,--,--,--,--,--,--,--,--,--,--
Teagan Quitoriano,Hou,TE,--/--,--,--,--,--,--,--,--,--,--,--,--,--,--,--,--
Grant Calcaterra,Phi,TE,--/--,--,--,--,--,--,--,--,--,--,--,--,--,--,--,--
Skylar Thompson,Mia,QB,--/--,--,--,--,--,--,--,--,--,--,--,--,--,--,--,--
John FitzPatrick,Atl,TE,--/--,--,--,--,--,--,--,--,--,--,--,--,--,--,--,--
Nick Muse,Min,TE,--/--,--,--,--,--,--,--,--,--,--,--,--,--,--,--,--
Chris Oladokun,Pit,QB,--/--,--,--,--,--,--,--,--,--,--,--,--,--,--,--,--
Andrew Ogletree,Ind,TE,--/--,--,--,--,--,--,--,--,--,--,--,--,--,--,--,--
Zander Horvath,LAC,RB,--/--,--,--,--,--,--,--,--,--,--,--,--,--,--,--,--
Dareke Young,Sea,WR,--/--,--,--,--,--,--,--,--,--,--,--,--,--,--,--,--
